Drug name,Predicted pKi,SMILES,Dock file
Adenine,14.314270973205566,NC1=C2NC=NC2=NC=N1,diffdock_results/Adenine/rank1.sdf
Mercaptopurine,13.922064781188965,S=C1N=CNC2=C1NC=N2,diffdock_results/Mercaptopurine/rank1.sdf
Guanidine,13.20488166809082,NC(N)=N,diffdock_results/Guanidine/rank1.sdf
Allopurinol,13.105566024780273,OC1=NC=NC2=C1C=NN2,diffdock_results/Allopurinol/rank1.sdf
Triethylenetetramine,13.022527694702148,NCCNCCNCCN,diffdock_results/Triethylenetetramine/rank1.sdf
Ranitidine,12.973472595214844,CNC(NCCSCC1=CC=C(CN(C)C)O1)=C[N+]([O-])=O,diffdock_results/Ranitidine/rank1.sdf
Methenamine,12.9305419921875,C1N2CN3CN1CN(C2)C3,diffdock_results/Methenamine/rank1.sdf
Nitrogen,12.74066162109375,N#N,diffdock_results/Nitrogen/rank1.sdf
Piperazine,12.695661544799805,C1CNCCN1,diffdock_results/Piperazine/rank1.sdf
Ammonia N-13,12.318614959716797,[13NH3],diffdock_results/Ammonia N-13/rank1.sdf
Metformin,12.239493370056152,CN(C)C(=N)NC(N)=N,diffdock_results/Metformin/rank1.sdf
Pyrantel,12.223712921142578,[H]\C(=C(\[H])C1=NCCCN1C)C1=CC=CS1,diffdock_results/Pyrantel/rank1.sdf
Methimazole,12.208983421325684,CN1C=CNC1=S,diffdock_results/Methimazole/rank1.sdf
Diphenidol,12.076871871948242,OC(CCCN1CCCCC1)(C1=CC=CC=C1)C1=CC=CC=C1,diffdock_results/Diphenidol/rank1.sdf
Noxytiolin,12.026640892028809,CNC(=S)NCO,diffdock_results/Noxytiolin/rank1.sdf
Ethylenediamine,11.819981575012207,NCCN,diffdock_results/Ethylenediamine/rank1.sdf
Xanthinol,11.753772735595703,CN(CCO)CC(O)CN1C=NC2=C1C(=O)N(C)C(=O)N2C,diffdock_results/Xanthinol/rank1.sdf
Biguanide,11.726261138916016,NC(=N)NC(N)=N,diffdock_results/Biguanide/rank1.sdf
Nitrofurantoin,11.680622100830078,[O-][N+](=O)C1=CC=C(O1)\C=N\N1CC(=O)NC1=O,diffdock_results/Nitrofurantoin/rank1.sdf
Amifampridine,11.676057815551758,NC1=CC=NC=C1N,diffdock_results/Amifampridine/rank1.sdf
Nicotine,11.632471084594727,CN1CCC[C@H]1C1=CN=CC=C1,diffdock_results/Nicotine/rank1.sdf
Iodide,11.577753067016602,[I-],diffdock_results/Iodide/rank1.sdf
Betazole,11.552633285522461,NCCC1=CC=NN1,diffdock_results/Betazole/rank1.sdf
Dalfampridine,11.52035903930664,NC1=CC=NC=C1,diffdock_results/Dalfampridine/rank1.sdf
Urea C-13,11.51865291595459,N[13C](N)=O,diffdock_results/Urea C-13/rank1.sdf
Dipentamethylenethiuram disulfide,11.485729217529297,S=C(SSC(=S)N1CCCCC1)N1CCCCC1,diffdock_results/Dipentamethylenethiuram disulfide/rank1.sdf
Nialamide,11.335046768188477,O=C(CCNNC(=O)C1=CC=NC=C1)NCC1=CC=CC=C1,diffdock_results/Nialamide/rank1.sdf
Fluoxetine,11.286684036254883,CNCCC(OC1=CC=C(C=C1)C(F)(F)F)C1=CC=CC=C1,diffdock_results/Fluoxetine/rank1.sdf
Histamine,11.21432113647461,NCCC1=CNC=N1,diffdock_results/Histamine/rank1.sdf
Anileridine,11.161282539367676,CCOC(=O)C1(CCN(CCC2=CC=C(N)C=C2)CC1)C1=CC=CC=C1,diffdock_results/Anileridine/rank1.sdf
Activated charcoal,11.115589141845703,[C],diffdock_results/Activated charcoal/rank1.sdf
Urea C-14,11.082550048828125,N[14C](N)=O,diffdock_results/Urea C-14/rank1.sdf
Phosphorus,11.078337669372559,[P],diffdock_results/Phosphorus/rank1.sdf
Etilefrine,11.076512336730957,CCNCC(O)C1=CC=CC(O)=C1,diffdock_results/Etilefrine/rank1.sdf
Nitrofural,11.054817199707031,NC(=O)N\N=C\C1=CC=C(O1)[N+]([O-])=O,diffdock_results/Nitrofural/rank1.sdf
Molsidomine,11.037712097167969,CCOC(=O)[N-]C1=C[N+](=NO1)N1CCOCC1,diffdock_results/Molsidomine/rank1.sdf
Ethambutol,11.026952743530273,CC[C@@H](CO)NCCN[C@@H](CC)CO,diffdock_results/Ethambutol/rank1.sdf
Water,11.009390830993652,O,diffdock_results/Water/rank1.sdf
Carmustine,10.93234634399414,ClCCNC(=O)N(CCCl)N=O,diffdock_results/Carmustine/rank1.sdf
Iodide I-131,10.925553321838379,[131I-],diffdock_results/Iodide I-131/rank1.sdf
Tetramethylthiuram monosulfide,10.901961326599121,CN(C)C(=S)SC(=S)N(C)C,diffdock_results/Tetramethylthiuram monosulfide/rank1.sdf
Pralidoxime,10.896199226379395,C[N+]1=C(\C=N\O)C=CC=C1,diffdock_results/Pralidoxime/rank1.sdf
Altretamine,10.838293075561523,CN(C)C1=NC(=NC(=N1)N(C)C)N(C)C,diffdock_results/Altretamine/rank1.sdf
Pramiracetam,10.836685180664062,CC(C)N(CCNC(=O)CN1CCCC1=O)C(C)C,diffdock_results/Pramiracetam/rank1.sdf
Silicon,10.822244644165039,[Si],diffdock_results/Silicon/rank1.sdf
Alimemazine,10.808425903320312,CC(CN(C)C)CN1C2=CC=CC=C2SC2=CC=CC=C12,diffdock_results/Alimemazine/rank1.sdf
Aluminum zirconium octachlorohydrex gly,10.794587135314941,O.O.[Al+3].[Cl-].[Zr+4].NCC([O-])=O,diffdock_results/Aluminum zirconium octachlorohydrex gly/rank1.sdf
Tioguanine,10.780831336975098,NC1=NC(=S)C2=C(N1)N=CN2,diffdock_results/Tioguanine/rank1.sdf
Chromium,10.775981903076172,[Cr],diffdock_results/Chromium/rank1.sdf
Mafenide,10.763242721557617,NCC1=CC=C(C=C1)S(N)(=O)=O,diffdock_results/Mafenide/rank1.sdf
Diazolidinylurea,10.75521183013916,OCNC(=O)N(CO)C1N(CO)C(=O)N(CO)C1=O,diffdock_results/Diazolidinylurea/rank1.sdf
Guanoxan,10.754878997802734,NC(=N)NCC1COC2=C(O1)C=CC=C2,diffdock_results/Guanoxan/rank1.sdf
Copper,10.739401817321777,[Cu],diffdock_results/Copper/rank1.sdf
Bethanidine,10.736531257629395,CN\C(NCC1=CC=CC=C1)=N/C,diffdock_results/Bethanidine/rank1.sdf
Hydrogen fluoride,10.720054626464844,F,diffdock_results/Hydrogen fluoride/rank1.sdf
Osilodrostat,10.681144714355469,FC1=C(C=CC(=C1)C#N)[C@H]1CCC2=CN=CN12,diffdock_results/Osilodrostat/rank1.sdf
Doxylamine,10.676907539367676,CN(C)CCOC(C)(C1=CC=CC=C1)C1=CC=CC=N1,diffdock_results/Doxylamine/rank1.sdf
Quaternium-15,10.657565116882324,[Cl-].[H]C(Cl)=C([H])C[N+]12CN3CN(CN(C3)C1)C2,diffdock_results/Quaternium-15/rank1.sdf
Calcium carbimide,10.648965835571289,[Ca++].[N-]=C=[N-],diffdock_results/Calcium carbimide/rank1.sdf
Fluoride ion,10.642836570739746,[F-],diffdock_results/Fluoride ion/rank1.sdf
Iodide I-123,10.641316413879395,[123I-],diffdock_results/Iodide I-123/rank1.sdf
Vanadium,10.629707336425781,[V],diffdock_results/Vanadium/rank1.sdf
Clindamycin,10.62397575378418,[H][C@@](NC(=O)[C@@H]1C[C@@H](CCC)CN1C)([C@H](C)Cl)[C@@]1([H])O[C@H](SC)[C@H](O)[C@@H](O)[C@H]1O,diffdock_results/Clindamycin/rank1.sdf
Nitrous oxide,10.56804084777832,[N-]=[N+]=O,diffdock_results/Nitrous oxide/rank1.sdf
Oxilofrine,10.528107643127441,[H][C@@](C)(NC)[C@]([H])(O)C1=CC=C(O)C=C1,diffdock_results/Oxilofrine/rank1.sdf
Remoxipride,10.508797645568848,CCN1CCC[C@H]1CNC(=O)C1=C(OC)C=CC(Br)=C1OC,diffdock_results/Remoxipride/rank1.sdf
Fomepizole,10.502206802368164,CC1=CNN=C1,diffdock_results/Fomepizole/rank1.sdf
Morpholinylmercaptobenzothiazole,10.495756149291992,C1CN(CCO1)SC1=NC2=CC=CC=C2S1,diffdock_results/Morpholinylmercaptobenzothiazole/rank1.sdf
Cycloguanil,10.480974197387695,CC1(C)N=C(N)N=C(N)N1C1=CC=C(Cl)C=C1,diffdock_results/Cycloguanil/rank1.sdf
Dexfenfluramine,10.470942497253418,CCN[C@@H](C)CC1=CC=CC(=C1)C(F)(F)F,diffdock_results/Dexfenfluramine/rank1.sdf
Hydroxyurea,10.428573608398438,NC(=O)NO,diffdock_results/Hydroxyurea/rank1.sdf
Iobenguane,10.414681434631348,NC(N)=NCC1=CC(I)=CC=C1,diffdock_results/Iobenguane/rank1.sdf
Diethylcarbamazine,10.393709182739258,CCN(CC)C(=O)N1CCN(C)CC1,diffdock_results/Diethylcarbamazine/rank1.sdf
Anagrelide,10.391794204711914,ClC1=CC=C2N=C3NC(=O)CN3CC2=C1Cl,diffdock_results/Anagrelide/rank1.sdf
Thiosulfuric acid,10.384744644165039,OS(O)(=O)=S,diffdock_results/Thiosulfuric acid/rank1.sdf
Fluoride ion F-18,10.35496997833252,[18F-],diffdock_results/Fluoride ion F-18/rank1.sdf
Cevimeline,10.340662956237793,CC1O[C@@]2(CS1)CN1CCC2CC1,diffdock_results/Cevimeline/rank1.sdf
Molybdenum,10.324432373046875,[Mo],diffdock_results/Molybdenum/rank1.sdf
Ditiocarb zinc,10.29050064086914,[Zn++].CCN(CC)C([S-])=S.CCN(CC)C([S-])=S,diffdock_results/Ditiocarb zinc/rank1.sdf
Etomidate,10.26441764831543,CCOC(=O)C1=CN=CN1[C@H](C)C1=CC=CC=C1,diffdock_results/Etomidate/rank1.sdf
Acetohydroxamic acid,10.25399398803711,CC(=O)NO,diffdock_results/Acetohydroxamic acid/rank1.sdf
Rubidium,10.240671157836914,[Rb],diffdock_results/Rubidium/rank1.sdf
Perflubutane,10.2362060546875,FC(F)(F)C(F)(F)C(F)(F)C(F)(F)F,diffdock_results/Perflubutane/rank1.sdf
Iron,10.235407829284668,[Fe],diffdock_results/Iron/rank1.sdf
Thiram,10.232086181640625,CN(C)C(=S)SSC(=S)N(C)C,diffdock_results/Thiram/rank1.sdf
Tolazoline,10.22722053527832,C(C1=NCCN1)C1=CC=CC=C1,diffdock_results/Tolazoline/rank1.sdf
Dimazole,10.22335433959961,CCN(CC)CCOC1=CC2=C(C=C1)N=C(S2)N(C)C,diffdock_results/Dimazole/rank1.sdf
Potassium,10.203398704528809,[KH],diffdock_results/Potassium/rank1.sdf
Titanium dioxide,10.194450378417969,O=[Ti]=O,diffdock_results/Titanium dioxide/rank1.sdf
Nickel sulfate,10.177083015441895,[Ni++].[O-]S([O-])(=O)=O,diffdock_results/Nickel sulfate/rank1.sdf
Sulfathiazole,10.171263694763184,NC1=CC=C(C=C1)S(=O)(=O)NC1=NC=CS1,diffdock_results/Sulfathiazole/rank1.sdf
Eflornithine,10.165285110473633,NCCCC(N)(C(F)F)C(O)=O,diffdock_results/Eflornithine/rank1.sdf
Gadolinium,10.15861988067627,[Gd],diffdock_results/Gadolinium/rank1.sdf
Guanadrel,10.114490509033203,NC(N)=NCC1COC2(CCCCC2)O1,diffdock_results/Guanadrel/rank1.sdf
Levamisole,10.071090698242188,C1CN2C[C@@H](N=C2S1)C1=CC=CC=C1,diffdock_results/Levamisole/rank1.sdf
Cobalt,10.066488265991211,[Co],diffdock_results/Cobalt/rank1.sdf
Pargyline,10.049873352050781,CN(CC#C)CC1=CC=CC=C1,diffdock_results/Pargyline/rank1.sdf
Acetazolamide,10.045299530029297,CC(=O)NC1=NN=C(S1)S(N)(=O)=O,diffdock_results/Acetazolamide/rank1.sdf
Silver,10.022544860839844,[Ag],diffdock_results/Silver/rank1.sdf
Zoledronic acid,10.019542694091797,OC(CN1C=CN=C1)(P(O)(O)=O)P(O)(O)=O,diffdock_results/Zoledronic acid/rank1.sdf
Guanethidine,10.01460075378418,NC(N)=NCCN1CCCCCCC1,diffdock_results/Guanethidine/rank1.sdf
Manganese,10.004334449768066,[Mn++],diffdock_results/Manganese/rank1.sdf
Thenalidine,10.000792503356934,CN1CCC(CC1)N(CC1=CC=CS1)C1=CC=CC=C1,diffdock_results/Thenalidine/rank1.sdf
Barium sulfate,9.985347747802734,[Ba++].[O-]S([O-])(=O)=O,diffdock_results/Barium sulfate/rank1.sdf
Enflurane,9.982555389404297,FC(F)OC(F)(F)C(F)Cl,diffdock_results/Enflurane/rank1.sdf
Sodium sulfate,9.974903106689453,[Na+].[Na+].[O-]S([O-])(=O)=O,diffdock_results/Sodium sulfate/rank1.sdf
Moxonidine,9.967399597167969,COC1=NC(C)=NC(Cl)=C1NC1=NCCN1,diffdock_results/Moxonidine/rank1.sdf
Stanozolol,9.955228805541992,[H][C@@]12CC[C@](C)(O)[C@@]1(C)CC[C@@]1([H])[C@@]2([H])CC[C@@]2([H])CC3=NNC=C3C[C@]12C,diffdock_results/Stanozolol/rank1.sdf
Ferric cation,9.948368072509766,[Fe+3],diffdock_results/Ferric cation/rank1.sdf
Migalastat,9.930377960205078,OC[C@H]1NC[C@H](O)[C@@H](O)[C@H]1O,diffdock_results/Migalastat/rank1.sdf
Sulfacetamide,9.92506217956543,CC(=O)NS(=O)(=O)C1=CC=C(N)C=C1,diffdock_results/Sulfacetamide/rank1.sdf
Sodium aurotiosulfate,9.917009353637695,O.O.[Na+].[Na+].[Na+].[Au+].[O-]S([S-])(=O)=O.[O-]S([S-])(=O)=O,diffdock_results/Sodium aurotiosulfate/rank1.sdf
Choline C 11,9.91180419921875,[Cl-].C[N+](C)([11CH3])CCO,diffdock_results/Choline C 11/rank1.sdf
Dexrazoxane,9.91085433959961,C[C@@H](CN1CC(=O)NC(=O)C1)N1CC(=O)NC(=O)C1,diffdock_results/Dexrazoxane/rank1.sdf
Lidocaine,9.904008865356445,CCN(CC)CC(=O)NC1=C(C)C=CC=C1C,diffdock_results/Lidocaine/rank1.sdf
Hydroflumethiazide,9.898818969726562,NS(=O)(=O)C1=CC2=C(NCNS2(=O)=O)C=C1C(F)(F)F,diffdock_results/Hydroflumethiazide/rank1.sdf
Helium,9.88327407836914,[He],diffdock_results/Helium/rank1.sdf
Clavulanic acid,9.877856254577637,[H][C@@]12CC(=O)N1[C@@H](C(O)=O)\C(O2)=C\CO,diffdock_results/Clavulanic acid/rank1.sdf
Meloxicam,9.876635551452637,CN1C(C(=O)NC2=NC=C(C)S2)=C(O)C2=C(C=CC=C2)S1(=O)=O,diffdock_results/Meloxicam/rank1.sdf
Dexpanthenol,9.85908317565918,CC(C)(CO)[C@@H](O)C(=O)NCCCO,diffdock_results/Dexpanthenol/rank1.sdf
Clofedanol,9.831249237060547,CN(C)CCC(O)(C1=CC=CC=C1)C1=CC=CC=C1Cl,diffdock_results/Clofedanol/rank1.sdf
Silver sulfadiazine,9.826314926147461,[Ag+].NC1=CC=C(C=C1)S(=O)(=O)[N-]C1=NC=CC=N1,diffdock_results/Silver sulfadiazine/rank1.sdf
Chlormerodrin,9.813163757324219,COC(CNC(N)=O)C[Hg]Cl,diffdock_results/Chlormerodrin/rank1.sdf
Perflutren,9.811325073242188,FC(F)(F)C(F)(F)C(F)(F)F,diffdock_results/Perflutren/rank1.sdf
Nitric Oxide,9.78831672668457,[N]=O,diffdock_results/Nitric Oxide/rank1.sdf
Norepinephrine,9.788192749023438,NC[C@H](O)C1=CC(O)=C(O)C=C1,diffdock_results/Norepinephrine/rank1.sdf
Chromous sulfate,9.78723430633545,[Cr++].[O-]S([O-])(=O)=O,diffdock_results/Chromous sulfate/rank1.sdf
Levonordefrin,9.786870002746582,C[C@H](N)[C@H](O)C1=CC(O)=C(O)C=C1,diffdock_results/Levonordefrin/rank1.sdf
Nicorandil,9.783523559570312,[O-][N+](=O)OCCNC(=O)C1=CC=CN=C1,diffdock_results/Nicorandil/rank1.sdf
Trolamine,9.782766342163086,OCCN(CCO)CCO,diffdock_results/Trolamine/rank1.sdf
Zileuton,9.78152084350586,CC(N(O)C(N)=O)C1=CC2=CC=CC=C2S1,diffdock_results/Zileuton/rank1.sdf
Rubidium Rb-82,9.770757675170898,[82Rb+],diffdock_results/Rubidium Rb-82/rank1.sdf
Cupric sulfate,9.763486862182617,[Cu++].[O-]S([O-])(=O)=O,diffdock_results/Cupric sulfate/rank1.sdf
Chlorpromazine,9.757172584533691,CN(C)CCCN1C2=CC=CC=C2SC2=C1C=C(Cl)C=C2,diffdock_results/Chlorpromazine/rank1.sdf
Sulfamethizole,9.741202354431152,CC1=NN=C(NS(=O)(=O)C2=CC=C(N)C=C2)S1,diffdock_results/Sulfamethizole/rank1.sdf
Sodium bisulfite,9.707862854003906,[Na+].OS([O-])=O,diffdock_results/Sodium bisulfite/rank1.sdf
Sotalol,9.707063674926758,CC(C)NCC(O)C1=CC=C(NS(C)(=O)=O)C=C1,diffdock_results/Sotalol/rank1.sdf
Phenylephrine,9.697412490844727,CNC[C@H](O)C1=CC(O)=CC=C1,diffdock_results/Phenylephrine/rank1.sdf
Atropine,9.691423416137695,CN1[C@H]2CC[C@@H]1C[C@@H](C2)OC(=O)C(CO)C1=CC=CC=C1,diffdock_results/Atropine/rank1.sdf
Sulfamerazine,9.676834106445312,CC1=NC(NS(=O)(=O)C2=CC=C(N)C=C2)=NC=C1,diffdock_results/Sulfamerazine/rank1.sdf
Gimeracil,9.674867630004883,OC1=CC(=O)NC=C1Cl,diffdock_results/Gimeracil/rank1.sdf
Cycloserine,9.674737930297852,N[C@@H]1CONC1=O,diffdock_results/Cycloserine/rank1.sdf
Methoxyflurane,9.673920631408691,COC(F)(F)C(Cl)Cl,diffdock_results/Methoxyflurane/rank1.sdf
Oxymetholone,9.662590026855469,[H][C@@]12CC[C@](C)(O)[C@@]1(C)CC[C@@]1([H])[C@@]2([H])CC[C@@]2([H])CC(=O)\C(C[C@]12C)=C/O,diffdock_results/Oxymetholone/rank1.sdf
Disperse Blue 106,9.660629272460938,CCN(CCO)C1=CC=C(\N=N\C2=NC=C(S2)N(=O)=O)C(C)=C1,diffdock_results/Disperse Blue 106/rank1.sdf
Anethole trithione,9.654842376708984,COC1=CC=C(C=C1)C1=CC(=S)SS1,diffdock_results/Anethole trithione/rank1.sdf
Lofexidine,9.645323753356934,CC(OC1=C(Cl)C=CC=C1Cl)C1=NCCN1,diffdock_results/Lofexidine/rank1.sdf
Sulfadiazine,9.631649017333984,NC1=CC=C(C=C1)S(=O)(=O)NC1=NC=CC=N1,diffdock_results/Sulfadiazine/rank1.sdf
Meglumine,9.631537437438965,CNC[C@H](O)[C@@H](O)[C@H](O)[C@H](O)CO,diffdock_results/Meglumine/rank1.sdf
Magnesium glycinate,9.628589630126953,[Mg++].NCC([O-])=O.NCC([O-])=O,diffdock_results/Magnesium glycinate/rank1.sdf
N-Acetylglucosamine,9.62086296081543,[H]C(=O)[C@H](NC(C)=O)[C@@H](O)[C@H](O)[C@H](O)CO,diffdock_results/N-Acetylglucosamine/rank1.sdf
Rasagiline,9.604975700378418,C#CCN[C@@H]1CCC2=CC=CC=C12,diffdock_results/Rasagiline/rank1.sdf
Pentazocine,9.585310935974121,C[C@H]1[C@H]2CC3=CC=C(O)C=C3[C@]1(C)CCN2CC=C(C)C,diffdock_results/Pentazocine/rank1.sdf
Xylose,9.574264526367188,OC[C@@H](O)[C@H](O)[C@@H](O)C=O,diffdock_results/Xylose/rank1.sdf
Promazine,9.568964958190918,CN(C)CCCN1C2=CC=CC=C2SC2=CC=CC=C12,diffdock_results/Promazine/rank1.sdf
Selenium,9.559557914733887,[Se],diffdock_results/Selenium/rank1.sdf
Phenformin,9.557809829711914,NC(=N)NC(=N)NCCC1=CC=CC=C1,diffdock_results/Phenformin/rank1.sdf
Favipiravir,9.552274703979492,NC(=O)C1=NC(F)=CN=C1O,diffdock_results/Favipiravir/rank1.sdf
Clonidine,9.550477981567383,ClC1=CC=CC(Cl)=C1NC1=NCCN1,diffdock_results/Clonidine/rank1.sdf
Sulfanilamide,9.527664184570312,NC1=CC=C(C=C1)S(N)(=O)=O,diffdock_results/Sulfanilamide/rank1.sdf
Hydrochlorothiazide,9.525405883789062,NS(=O)(=O)C1=C(Cl)C=C2NCNS(=O)(=O)C2=C1,diffdock_results/Hydrochlorothiazide/rank1.sdf
Sevoflurane,9.525226593017578,FCOC(C(F)(F)F)C(F)(F)F,diffdock_results/Sevoflurane/rank1.sdf
Fluorouracil,9.52456283569336,FC1=CNC(=O)NC1=O,diffdock_results/Fluorouracil/rank1.sdf
Bromothalonil,9.517766952514648,BrCC(Br)(CCC#N)C#N,diffdock_results/Bromothalonil/rank1.sdf
Bethanechol,9.517271041870117,CC(C[N+](C)(C)C)OC(N)=O,diffdock_results/Bethanechol/rank1.sdf
2-mercaptobenzothiazole,9.50857162475586,S=C1NC2=C(S1)C=CC=C2,diffdock_results/2-mercaptobenzothiazole/rank1.sdf
Potassium sulfate,9.49043083190918,[K+].[K+].[O-]S([O-])(=O)=O,diffdock_results/Potassium sulfate/rank1.sdf
Fructose,9.487977027893066,OC[C@@H]1O[C@@](O)(CO)[C@H](O)[C@H]1O,diffdock_results/Fructose/rank1.sdf
p-Phenylenediamine,9.484582901000977,NC1=CC=C(N)C=C1,diffdock_results/p-Phenylenediamine/rank1.sdf
Methacholine,9.48108959197998,CC(C[N+](C)(C)C)OC(C)=O,diffdock_results/Methacholine/rank1.sdf
Lactose,9.47083854675293,OC[C@H]1O[C@@H](O[C@H]2[C@H](O)[C@@H](O)C(O)O[C@@H]2CO)[C@H](O)[C@@H](O)[C@H]1O,diffdock_results/Lactose/rank1.sdf
Pipobroman,9.468442916870117,BrCCC(=O)N1CCN(CC1)C(=O)CCBr,diffdock_results/Pipobroman/rank1.sdf
Desflurane,9.468160629272461,FC(F)OC(F)C(F)(F)F,diffdock_results/Desflurane/rank1.sdf
Bretylium,9.464977264404297,CC[N+](C)(C)CC1=CC=CC=C1Br,diffdock_results/Bretylium/rank1.sdf
Magnesium cation,9.455293655395508,[Mg++],diffdock_results/Magnesium cation/rank1.sdf
Magnesium silicate,9.450311660766602,[O--].[O--].[O--].[Mg++].[Si+4],diffdock_results/Magnesium silicate/rank1.sdf
Chromium Cr-51,9.448654174804688,[51Cr],diffdock_results/Chromium Cr-51/rank1.sdf
Phenylpropanolamine,9.444596290588379,[H][C@@](C)(N)[C@]([H])(O)C1=CC=CC=C1,diffdock_results/Phenylpropanolamine/rank1.sdf
Triflupromazine,9.4246826171875,CN(C)CCCN1C2=CC=CC=C2SC2=C1C=C(C=C2)C(F)(F)F,diffdock_results/Triflupromazine/rank1.sdf
Glycine,9.423857688903809,NCC(O)=O,diffdock_results/Glycine/rank1.sdf
Aluminum oxide,9.419244766235352,[O--].[O--].[O--].[Al+3].[Al+3],diffdock_results/Aluminum oxide/rank1.sdf
Ferrous sulfate anhydrous,9.413192749023438,[Fe++].[O-]S([O-])(=O)=O,diffdock_results/Ferrous sulfate anhydrous/rank1.sdf
Tetryzoline,9.41158390045166,C1CN=C(N1)C1CCCC2=CC=CC=C12,diffdock_results/Tetryzoline/rank1.sdf
Neon,9.411185264587402,[Ne],diffdock_results/Neon/rank1.sdf
Sulfadimethoxine,9.407268524169922,COC1=NC(OC)=NC(NS(=O)(=O)C2=CC=C(N)C=C2)=C1,diffdock_results/Sulfadimethoxine/rank1.sdf
Ifosfamide,9.401329040527344,ClCCNP1(=O)OCCCN1CCCl,diffdock_results/Ifosfamide/rank1.sdf
Cupric oxide,9.399239540100098,[O--].[Cu++],diffdock_results/Cupric oxide/rank1.sdf
Apraclonidine,9.398895263671875,NC1=CC(Cl)=C(NC2=NCCN2)C(Cl)=C1,diffdock_results/Apraclonidine/rank1.sdf
Erdosteine,9.389119148254395,OC(=O)CSCC(=O)NC1CCSC1=O,diffdock_results/Erdosteine/rank1.sdf
Cinchocaine,9.384256362915039,CCCCOC1=NC2=CC=CC=C2C(=C1)C(=O)NCCN(CC)CC,diffdock_results/Cinchocaine/rank1.sdf
Zotepine,9.36540699005127,CN(C)CCOC1=CC2=CC=CC=C2SC2=CC=C(Cl)C=C12,diffdock_results/Zotepine/rank1.sdf
Chlorothiazide,9.357416152954102,NS(=O)(=O)C1=C(Cl)C=C2NC=NS(=O)(=O)C2=C1,diffdock_results/Chlorothiazide/rank1.sdf
Potassium carbonate,9.341513633728027,[K+].[K+].[O-]C([O-])=O,diffdock_results/Potassium carbonate/rank1.sdf
Sulfisoxazole,9.33671760559082,CC1=NOC(NS(=O)(=O)C2=CC=C(N)C=C2)=C1C,diffdock_results/Sulfisoxazole/rank1.sdf
Sodium fluoride,9.332975387573242,[F-].[Na+],diffdock_results/Sodium fluoride/rank1.sdf
Calcium carbonate,9.31734848022461,[Ca++].[O-]C([O-])=O,diffdock_results/Calcium carbonate/rank1.sdf
Thenyldiamine,9.316207885742188,CN(C)CCN(CC1=CSC=C1)C1=CC=CC=N1,diffdock_results/Thenyldiamine/rank1.sdf
Methazolamide,9.294666290283203,CN1N=C(S\C1=N\C(C)=O)S(N)(=O)=O,diffdock_results/Methazolamide/rank1.sdf
Ferrous bisglycinate,9.290580749511719,[Fe++].NCC([O-])=O.NCC([O-])=O,diffdock_results/Ferrous bisglycinate/rank1.sdf
Isoflurane,9.288166046142578,FC(F)OC(Cl)C(F)(F)F,diffdock_results/Isoflurane/rank1.sdf
Methyl nicotinate,9.286504745483398,COC(=O)C1=CN=CC=C1,diffdock_results/Methyl nicotinate/rank1.sdf
Procaine,9.2839994430542,CCN(CC)CCOC(=O)C1=CC=C(N)C=C1,diffdock_results/Procaine/rank1.sdf
Nitrous acid,9.281468391418457,ON=O,diffdock_results/Nitrous acid/rank1.sdf
Zimelidine,9.274274826049805,CN(C)C\C=C(\C1=CC=C(Br)C=C1)C1=CC=CN=C1,diffdock_results/Zimelidine/rank1.sdf
Glycine betaine,9.273660659790039,C[N+](C)(C)CC([O-])=O,diffdock_results/Glycine betaine/rank1.sdf
Alosetron,9.263453483581543,CN1C2=C(C3=CC=CC=C13)C(=O)N(CC1=C(C)NC=N1)CC2,diffdock_results/Alosetron/rank1.sdf
Magnesium,9.262289047241211,[MgH2],diffdock_results/Magnesium/rank1.sdf
Potassium perchlorate,9.262044906616211,[K+].[O-][Cl](=O)(=O)=O,diffdock_results/Potassium perchlorate/rank1.sdf
Thiamine,9.25873851776123,CC1=C(CCO)SC=[N+]1CC1=CN=C(C)N=C1N,diffdock_results/Thiamine/rank1.sdf
Isosorbide,9.247316360473633,[H][C@]1(O)CO[C@]2([H])[C@]([H])(O)CO[C@]12[H],diffdock_results/Isosorbide/rank1.sdf
Strontium chloride,9.246116638183594,[Cl-].[Cl-].[Sr++],diffdock_results/Strontium chloride/rank1.sdf
Galactose,9.240865707397461,[H]C(=O)[C@H](O)[C@@H](O)[C@@H](O)[C@H](O)CO,diffdock_results/Galactose/rank1.sdf
Potassium acetate,9.2377290725708,[K+].CC([O-])=O,diffdock_results/Potassium acetate/rank1.sdf
Estazolam,9.230666160583496,ClC1=CC2=C(C=C1)N1C=NN=C1CN=C2C1=CC=CC=C1,diffdock_results/Estazolam/rank1.sdf
Betahistine,9.222952842712402,CNCCC1=CC=CC=N1,diffdock_results/Betahistine/rank1.sdf
Calcium chloride,9.222518920898438,[Cl-].[Cl-].[Ca++],diffdock_results/Calcium chloride/rank1.sdf
Formestane,9.216684341430664,[H][C@@]12CCC(=O)[C@@]1(C)CC[C@@]1([H])[C@@]2([H])CCC2=C(O)C(=O)CC[C@]12C,diffdock_results/Formestane/rank1.sdf
Miglitol,9.21087646484375,OCCN1C[C@H](O)[C@@H](O)[C@H](O)[C@H]1CO,diffdock_results/Miglitol/rank1.sdf
Chloric acid,9.198817253112793,[H]O[Cl](=O)=O,diffdock_results/Chloric acid/rank1.sdf
Krypton Kr 81m,9.1978759765625,[81Kr],diffdock_results/Krypton Kr 81m/rank1.sdf
Pyruvic acid,9.186285018920898,CC(=O)C(O)=O,diffdock_results/Pyruvic acid/rank1.sdf
Terbutaline,9.185904502868652,CC(C)(C)NCC(O)C1=CC(O)=CC(O)=C1,diffdock_results/Terbutaline/rank1.sdf
Dextroamphetamine,9.185829162597656,C[C@H](N)CC1=CC=CC=C1,diffdock_results/Dextroamphetamine/rank1.sdf
Pyrithione,9.184318542480469,[O-][N+]1=C(S)C=CC=C1,diffdock_results/Pyrithione/rank1.sdf
Potassium nitrate,9.169661521911621,[K+].[O-][N+]([O-])=O,diffdock_results/Potassium nitrate/rank1.sdf
Thallous Chloride,9.166213989257812,[Cl-].[Tl+],diffdock_results/Thallous Chloride/rank1.sdf
Dimercaptosuccinic acid,9.165704727172852,OC(=O)C(S)C(S)C(O)=O,diffdock_results/Dimercaptosuccinic acid/rank1.sdf
Drostanolone propionate,9.132584571838379,[H][C@@]12CC[C@H](OC(=O)CC)[C@@]1(C)CC[C@@]1([H])[C@@]2([H])CC[C@@]2([H])CC(=O)[C@H](C)C[C@]12C,diffdock_results/Drostanolone propionate/rank1.sdf
Silver nitrate,9.120735168457031,[Ag+].[O-]N(=O)=O,diffdock_results/Silver nitrate/rank1.sdf
Deferiprone,9.097829818725586,CN1C=CC(=O)C(O)=C1C,diffdock_results/Deferiprone/rank1.sdf
Dimethyl sulfoxide,9.093982696533203,CS(C)=O,diffdock_results/Dimethyl sulfoxide/rank1.sdf
Zirconium chloride hydroxide,9.08686637878418,O[Zr]Cl,diffdock_results/Zirconium chloride hydroxide/rank1.sdf
Choline C-11,9.085758209228516,C[N+](C)([11CH3])CCO,diffdock_results/Choline C-11/rank1.sdf
Hydroxystilbamidine,9.083895683288574,NC(=N)C1=CC=C(\C=C\C2=C(O)C=C(C=C2)C(N)=N)C=C1,diffdock_results/Hydroxystilbamidine/rank1.sdf
Ferumoxytol,9.073042869567871,[O--].[O--].[O--].[O--].[Fe++].[Fe+3].[Fe+3],diffdock_results/Ferumoxytol/rank1.sdf
Furosemide,9.069862365722656,NS(=O)(=O)C1=C(Cl)C=C(NCC2=CC=CO2)C(=C1)C(O)=O,diffdock_results/Furosemide/rank1.sdf
Creatine,9.060033798217773,CN(CC(O)=O)C(N)=N,diffdock_results/Creatine/rank1.sdf
Epinephrine,9.045827865600586,CNC[C@H](O)C1=CC(O)=C(O)C=C1,diffdock_results/Epinephrine/rank1.sdf
Carbamide peroxide,9.041017532348633,OO.NC(N)=O,diffdock_results/Carbamide peroxide/rank1.sdf
Chloroform,9.030481338500977,ClC(Cl)Cl,diffdock_results/Chloroform/rank1.sdf
Phenelzine,9.024093627929688,NNCCC1=CC=CC=C1,diffdock_results/Phenelzine/rank1.sdf
Technetium Tc-99m sulfur colloid,9.009444236755371,[99Tc].S1SSSSSSS1,diffdock_results/Technetium Tc-99m sulfur colloid/rank1.sdf
Hydralazine,9.006913185119629,NNC1=NN=CC2=CC=CC=C12,diffdock_results/Hydralazine/rank1.sdf
Oxolamine,9.005188941955566,CCN(CC)CCC1=NC(=NO1)C1=CC=CC=C1,diffdock_results/Oxolamine/rank1.sdf
Thiabendazole,9.003626823425293,N1C2=CC=CC=C2N=C1C1=CSC=N1,diffdock_results/Thiabendazole/rank1.sdf
Piracetam,9.00218677520752,NC(=O)CN1CCCC1=O,diffdock_results/Piracetam/rank1.sdf
Edrophonium,9.001760482788086,CC[N+](C)(C)C1=CC(O)=CC=C1,diffdock_results/Edrophonium/rank1.sdf
Trichlormethiazide,8.994693756103516,NS(=O)(=O)C1=C(Cl)C=C2NC(NS(=O)(=O)C2=C1)C(Cl)Cl,diffdock_results/Trichlormethiazide/rank1.sdf
Chromic chloride,8.991549491882324,[Cl-].[Cl-].[Cl-].[Cr+3],diffdock_results/Chromic chloride/rank1.sdf
Acetohexamide,8.984058380126953,CC(=O)C1=CC=C(C=C1)S(=O)(=O)NC(=O)NC1CCCCC1,diffdock_results/Acetohexamide/rank1.sdf
Prednisone,8.979949951171875,[H][C@@]12CC[C@](O)(C(=O)CO)[C@@]1(C)CC(=O)[C@@]1([H])[C@@]2([H])CCC2=CC(=O)C=C[C@]12C,diffdock_results/Prednisone/rank1.sdf
Ipratropium,8.962732315063477,[H][C@]12CC[C@]([H])(C[C@@H](C1)OC(=O)C(CO)C1=CC=CC=C1)[N+]2(C)C(C)C,diffdock_results/Ipratropium/rank1.sdf
Boric acid,8.962063789367676,OB(O)O,diffdock_results/Boric acid/rank1.sdf
Pseudoephedrine,8.960477828979492,CN[C@@H](C)[C@@H](O)C1=CC=CC=C1,diffdock_results/Pseudoephedrine/rank1.sdf
Dimercaprol,8.958460807800293,OCC(S)CS,diffdock_results/Dimercaprol/rank1.sdf
Cephalexin,8.957670211791992,[H][C@]12SCC(C)=C(N1C(=O)[C@H]2NC(=O)[C@H](N)C1=CC=CC=C1)C(O)=O,diffdock_results/Cephalexin/rank1.sdf
Viloxazine,8.954565048217773,CCOC1=CC=CC=C1OCC1CNCCO1,diffdock_results/Viloxazine/rank1.sdf
Xenon-133,8.945356369018555,[133Xe],diffdock_results/Xenon-133/rank1.sdf
Tilbroquinol,8.944961547851562,CC1=C2C=CC=NC2=C(O)C(Br)=C1,diffdock_results/Tilbroquinol/rank1.sdf
Ajmaline,8.940780639648438,CC[C@H]1[C@@H]2C[C@H]3[C@@H]4N(C)C5=CC=CC=C5[C@]44C[C@@H](C2[C@H]4O)N3[C@@H]1O,diffdock_results/Ajmaline/rank1.sdf
Zinc sulfate,8.939460754394531,[Zn++].[O-]S([O-])(=O)=O,diffdock_results/Zinc sulfate/rank1.sdf
Levetiracetam,8.938867568969727,CC[C@H](N1CCCC1=O)C(N)=O,diffdock_results/Levetiracetam/rank1.sdf
Clenbuterol,8.938573837280273,CC(C)(C)NCC(O)C1=CC(Cl)=C(N)C(Cl)=C1,diffdock_results/Clenbuterol/rank1.sdf
Aminophenazone,8.93355941772461,CN(C)C1=C(C)N(C)N(C1=O)C1=CC=CC=C1,diffdock_results/Aminophenazone/rank1.sdf
Zinc phenolsulfonate,8.932001113891602,[Zn++].OC1=CC=C(C=C1)S([O-])(=O)=O.OC1=CC=C(C=C1)S([O-])(=O)=O,diffdock_results/Zinc phenolsulfonate/rank1.sdf
Acetylene,8.922513008117676,C#C,diffdock_results/Acetylene/rank1.sdf
Estriol,8.92076301574707,[H][C@@]12C[C@@H](O)[C@H](O)[C@@]1(C)CC[C@]1([H])C3=C(CC[C@@]21[H])C=C(O)C=C3,diffdock_results/Estriol/rank1.sdf
Benzodiazepine,8.919273376464844,N1N=CC=CC2=CC=CC=C12,diffdock_results/Benzodiazepine/rank1.sdf
Amoxicillin,8.904654502868652,[H][C@]12SC(C)(C)[C@@H](N1C(=O)[C@H]2NC(=O)[C@H](N)C1=CC=C(O)C=C1)C(O)=O,diffdock_results/Amoxicillin/rank1.sdf
Isoaminile,8.901737213134766,CC(C)[C@@](C[C@H](C)N(C)C)(C#N)C1=CC=CC=C1,diffdock_results/Isoaminile/rank1.sdf
Zinc gluconate,8.898049354553223,[Zn++].[H][C@@](O)(CO)[C@@]([H])(O)[C@]([H])(O)[C@@]([H])(O)C([O-])=O.[H][C@@](O)(CO)[C@@]([H])(O)[C@]([H])(O)[C@@]([H])(O)C([O-])=O,diffdock_results/Zinc gluconate/rank1.sdf
Hypochlorite,8.89600944519043,[O-]Cl,diffdock_results/Hypochlorite/rank1.sdf
Sodium chloride,8.890195846557617,[Na+].[Cl-],diffdock_results/Sodium chloride/rank1.sdf
Bucetin,8.885391235351562,CCOC1=CC=C(NC(=O)CC(C)O)C=C1,diffdock_results/Bucetin/rank1.sdf
Reboxetine,8.884123802185059,[H][C@@](OC1=CC=CC=C1OCC)(C1=CC=CC=C1)[C@@]1([H])CNCCO1,diffdock_results/Reboxetine/rank1.sdf
L-Lysine,8.87051010131836,NCCCC[C@H](N)C(O)=O,diffdock_results/L-Lysine/rank1.sdf
Silicon dioxide,8.868759155273438,O=[Si]=O,diffdock_results/Silicon dioxide/rank1.sdf
Magnesium sulfate,8.853696823120117,[Mg++].[O-]S([O-])(=O)=O,diffdock_results/Magnesium sulfate/rank1.sdf
Sodium glycerophosphate,8.852845191955566,[Na+].[Na+].OCC(O)COP([O-])([O-])=O,diffdock_results/Sodium glycerophosphate/rank1.sdf
Silanol,8.850850105285645,O[SiH3],diffdock_results/Silanol/rank1.sdf
Alendronic acid,8.83408260345459,NCCCC(O)(P(O)(O)=O)P(O)(O)=O,diffdock_results/Alendronic acid/rank1.sdf
Calcium glycerophosphate,8.82220458984375,[Ca++].OCC(CO)OP([O-])([O-])=O,diffdock_results/Calcium glycerophosphate/rank1.sdf
Nitrite,8.803741455078125,[O-]N=O,diffdock_results/Nitrite/rank1.sdf
Theophylline,8.802935600280762,CN1C2=C(NC=N2)C(=O)N(C)C1=O,diffdock_results/Theophylline/rank1.sdf
alpha-Arbutin,8.78486156463623,OC[C@H]1O[C@H](OC2=CC=C(O)C=C2)[C@H](O)[C@@H](O)[C@@H]1O,diffdock_results/alpha-Arbutin/rank1.sdf
Sorbitol,8.762311935424805,OC[C@H](O)[C@@H](O)[C@H](O)[C@H](O)CO,diffdock_results/Sorbitol/rank1.sdf
Hexylcaine,8.752410888671875,CC(CNC1CCCCC1)OC(=O)C1=CC=CC=C1,diffdock_results/Hexylcaine/rank1.sdf
Ammonium carbonate,8.75031852722168,[NH4+].[NH4+].[O-]C([O-])=O,diffdock_results/Ammonium carbonate/rank1.sdf
Hydrogen peroxide,8.74681282043457,OO,diffdock_results/Hydrogen peroxide/rank1.sdf
Zinc chloride,8.741436958312988,[Cl-].[Cl-].[Zn++],diffdock_results/Zinc chloride/rank1.sdf
Loracarbef,8.734078407287598,N[C@@H](C(=O)N[C@H]1[C@H]2CCC(Cl)=C(N2C1=O)C(O)=O)C1=CC=CC=C1,diffdock_results/Loracarbef/rank1.sdf
Ammonium lactate,8.734076499938965,[NH4+].CC(O)C([O-])=O,diffdock_results/Ammonium lactate/rank1.sdf
Stannous fluoride,8.726746559143066,F[Sn]F,diffdock_results/Stannous fluoride/rank1.sdf
Lorcaserin,8.725049018859863,C[C@H]1CNCCC2=CC=C(Cl)C=C12,diffdock_results/Lorcaserin/rank1.sdf
Sodium sulfide,8.720157623291016,[Na+].[Na+].[S--],diffdock_results/Sodium sulfide/rank1.sdf
Iodine,8.713924407958984,II,diffdock_results/Iodine/rank1.sdf
Secnidazole,8.707918167114258,CC(O)CN1C(C)=NC=C1N(=O)=O,diffdock_results/Secnidazole/rank1.sdf
Aluminum hydroxide,8.705854415893555,[OH-].[OH-].[OH-].[Al+3],diffdock_results/Aluminum hydroxide/rank1.sdf
Choline,8.703514099121094,C[N+](C)(C)CCO,diffdock_results/Choline/rank1.sdf
Radium Ra 223 dichloride,8.68100643157959,[Cl-].[Cl-].[223Ra++],diffdock_results/Radium Ra 223 dichloride/rank1.sdf
Magnesium carbonate,8.672496795654297,[Mg++].[O-]C([O-])=O,diffdock_results/Magnesium carbonate/rank1.sdf
Gallium chloride Ga-67,8.67076301574707,[Cl-].[Cl-].[Cl-].[67Ga+3],diffdock_results/Gallium chloride Ga-67/rank1.sdf
Cupric Chloride,8.670207023620605,Cl[Cu]Cl,diffdock_results/Cupric Chloride/rank1.sdf
Aluminium phosphate,8.66738510131836,[Al+3].[O-]P([O-])([O-])=O,diffdock_results/Aluminium phosphate/rank1.sdf
Trilostane,8.65652847290039,[H][C@@]12CC[C@H](O)[C@@]1(C)CC[C@@]1([H])[C@@]2([H])CC[C@@]23O[C@@H]2C(O)=C(C[C@]13C)C#N,diffdock_results/Trilostane/rank1.sdf
Lutetium Lu-177,8.655305862426758,[177Lu],diffdock_results/Lutetium Lu-177/rank1.sdf
DL-Methylephedrine,8.654280662536621,C[C@@H]([C@H](O)C1=CC=CC=C1)N(C)C,diffdock_results/DL-Methylephedrine/rank1.sdf
Metyrosine,8.647218704223633,C[C@](N)(CC1=CC=C(O)C=C1)C(O)=O,diffdock_results/Metyrosine/rank1.sdf
Clotrimazole,8.644116401672363,ClC1=CC=CC=C1C(N1C=CN=C1)(C1=CC=CC=C1)C1=CC=CC=C1,diffdock_results/Clotrimazole/rank1.sdf
Sodium acetate,8.640531539916992,[Na+].CC([O-])=O,diffdock_results/Sodium acetate/rank1.sdf
Orciprenaline,8.640417098999023,CC(C)NCC(O)C1=CC(O)=CC(O)=C1,diffdock_results/Orciprenaline/rank1.sdf
Potassium bicarbonate,8.634739875793457,[K+].OC([O-])=O,diffdock_results/Potassium bicarbonate/rank1.sdf
Magnesium oxide,8.63338851928711,[O--].[Mg++],diffdock_results/Magnesium oxide/rank1.sdf
Brimonidine,8.6308012008667,BrC1=C(NC2=NCCN2)C=CC2=NC=CN=C12,diffdock_results/Brimonidine/rank1.sdf
Magnesium acetate tetrahydrate,8.629712104797363,O.O.O.O.[Mg++].CC([O-])=O.CC([O-])=O,diffdock_results/Magnesium acetate tetrahydrate/rank1.sdf
Ferrous glycine sulfate,8.628874778747559,[Fe++].NCC([O-])=O.NCC([O-])=O.OS(O)(=O)=O,diffdock_results/Ferrous glycine sulfate/rank1.sdf
Magnesium chloride,8.621354103088379,[Mg++].[Cl-].[Cl-],diffdock_results/Magnesium chloride/rank1.sdf
Methylchloroisothiazolinone,8.618023872375488,CN1SC(Cl)=CC1=O,diffdock_results/Methylchloroisothiazolinone/rank1.sdf
Sulfametopyrazine,8.617687225341797,COC1=NC=CN=C1NS(=O)(=O)C1=CC=C(N)C=C1,diffdock_results/Sulfametopyrazine/rank1.sdf
Phenoxymethylpenicillin,8.614238739013672,[H][C@]12SC(C)(C)[C@@H](N1C(=O)[C@H]2NC(=O)COC1=CC=CC=C1)C(O)=O,diffdock_results/Phenoxymethylpenicillin/rank1.sdf
Anethole,8.610652923583984,COC1=CC=C(\C=C\C)C=C1,diffdock_results/Anethole/rank1.sdf
Fludeoxyglucose (18F),8.610455513000488,[H]C(=O)[C@H]([18F])[C@@H](O)[C@H](O)[C@H](O)CO,diffdock_results/Fludeoxyglucose (18F)/rank1.sdf
Mequinol,8.609278678894043,COC1=CC=C(O)C=C1,diffdock_results/Mequinol/rank1.sdf
Magnesium hydroxide,8.609067916870117,[OH-].[OH-].[Mg++],diffdock_results/Magnesium hydroxide/rank1.sdf
Tiopronin,8.608238220214844,CC(S)C(=O)NCC(O)=O,diffdock_results/Tiopronin/rank1.sdf
Mebutamate,8.607542991638184,CCC(C)C(C)(COC(N)=O)COC(N)=O,diffdock_results/Mebutamate/rank1.sdf
Inositol,8.607433319091797,O[C@H]1[C@H](O)[C@@H](O)[C@H](O)[C@H](O)[C@@H]1O,diffdock_results/Inositol/rank1.sdf
Carbon dioxide,8.607358932495117,O=C=O,diffdock_results/Carbon dioxide/rank1.sdf
Perboric acid,8.60389518737793,OOB=O,diffdock_results/Perboric acid/rank1.sdf
Clioquinol,8.600419998168945,OC1=C(I)C=C(Cl)C2=C1N=CC=C2,diffdock_results/Clioquinol/rank1.sdf
Yttrium Y-90,8.599337577819824,[90Y],diffdock_results/Yttrium Y-90/rank1.sdf
Dichloroacetic acid,8.59823989868164,OC(=O)C(Cl)Cl,diffdock_results/Dichloroacetic acid/rank1.sdf
Caffeine,8.59608268737793,CN1C=NC2=C1C(=O)N(C)C(=O)N2C,diffdock_results/Caffeine/rank1.sdf
Iodoform,8.595152854919434,[H]C(I)(I)I,diffdock_results/Iodoform/rank1.sdf
"2,2'-Dibenzothiazyl disulfide",8.594463348388672,S(SC1=NC2=CC=CC=C2S1)C1=NC2=CC=CC=C2S1,"diffdock_results/2,2'-Dibenzothiazyl disulfide/rank1.sdf"
Zinc acetate,8.594436645507812,[Zn++].CC([O-])=O.CC([O-])=O,diffdock_results/Zinc acetate/rank1.sdf
L-Lactic acid,8.594379425048828,C[C@H](O)C(O)=O,diffdock_results/L-Lactic acid/rank1.sdf
Indium In-111 chloride,8.594282150268555,Cl[111In](Cl)Cl,diffdock_results/Indium In-111 chloride/rank1.sdf
Pregnenolone,8.594240188598633,[H][C@@]12CC[C@H](C(C)=O)[C@@]1(C)CC[C@@]1([H])[C@@]2([H])CC=C2C[C@@H](O)CC[C@]12C,diffdock_results/Pregnenolone/rank1.sdf
Rilmenidine,8.593588829040527,C1CC1C(NC1=NCCO1)C1CC1,diffdock_results/Rilmenidine/rank1.sdf
Sulfamethazine,8.592138290405273,CC1=CC(C)=NC(NS(=O)(=O)C2=CC=C(N)C=C2)=N1,diffdock_results/Sulfamethazine/rank1.sdf
Cocaine,8.591719627380371,[H][C@]12CC[C@]([H])([C@H]([C@H](C1)OC(=O)C1=CC=CC=C1)C(=O)OC)N2C,diffdock_results/Cocaine/rank1.sdf
Acetyl sulfisoxazole,8.590490341186523,CC(=O)N(C1=C(C)C(C)=NO1)S(=O)(=O)C1=CC=C(N)C=C1,diffdock_results/Acetyl sulfisoxazole/rank1.sdf
Sodium phosphate P 32,8.589393615722656,[Na+].[Na+].O[32P]([O-])([O-])=O,diffdock_results/Sodium phosphate P 32/rank1.sdf
Sodium fluorophosphate,8.589154243469238,[Na+].[Na+].[O-]P([O-])(F)=O,diffdock_results/Sodium fluorophosphate/rank1.sdf
Chlorphenesin,8.585902214050293,OCC(O)COC1=CC=C(Cl)C=C1,diffdock_results/Chlorphenesin/rank1.sdf
Xenon Xe-127,8.584338188171387,[127Xe],diffdock_results/Xenon Xe-127/rank1.sdf
Carbamoylcholine,8.583807945251465,C[N+](C)(C)CCOC(N)=O,diffdock_results/Carbamoylcholine/rank1.sdf
Hydroquinone,8.583234786987305,OC1=CC=C(O)C=C1,diffdock_results/Hydroquinone/rank1.sdf
Fluoroestradiol F-18,8.582338333129883,[H][C@@]12C[C@@H]([18F])[C@H](O)[C@@]1(C)CC[C@]1([H])C3=C(CC[C@@]21[H])C=C(O)C=C3,diffdock_results/Fluoroestradiol F-18/rank1.sdf
Taurine,8.581831932067871,NCCS(O)(=O)=O,diffdock_results/Taurine/rank1.sdf
Urethane,8.581565856933594,CCOC(N)=O,diffdock_results/Urethane/rank1.sdf
Aceclidine,8.581485748291016,CC(=O)OC1CN2CCC1CC2,diffdock_results/Aceclidine/rank1.sdf
Phenacemide,8.581472396850586,NC(=O)NC(=O)CC1=CC=CC=C1,diffdock_results/Phenacemide/rank1.sdf
Estradiol,8.581436157226562,[H][C@@]12CC[C@H](O)[C@@]1(C)CC[C@]1([H])C3=C(CC[C@@]21[H])C=C(O)C=C3,diffdock_results/Estradiol/rank1.sdf
Ethanol,8.579832077026367,CCO,diffdock_results/Ethanol/rank1.sdf
Meticrane,8.5794677734375,CC1=CC2=C(C=C1S(N)(=O)=O)S(=O)(=O)CCC2,diffdock_results/Meticrane/rank1.sdf
Benzylpenicillin,8.579075813293457,[H][C@]12SC(C)(C)[C@@H](N1C(=O)[C@H]2NC(=O)CC1=CC=CC=C1)C(O)=O,diffdock_results/Benzylpenicillin/rank1.sdf
Sodium molybdate,8.578017234802246,[Na+].[Na+].[O-][Mo]([O-])(=O)=O,diffdock_results/Sodium molybdate/rank1.sdf
Selegiline,8.573225021362305,C[C@H](CC1=CC=CC=C1)N(C)CC#C,diffdock_results/Selegiline/rank1.sdf
Prasterone,8.572402954101562,[H][C@@]12CCC(=O)[C@@]1(C)CC[C@@]1([H])[C@@]2([H])CC=C2C[C@@]([H])(O)CC[C@]12C,diffdock_results/Prasterone/rank1.sdf
Cobalt chloride,8.571126937866211,[Cl-].[Cl-].[Co++],diffdock_results/Cobalt chloride/rank1.sdf
Mephenesin,8.570856094360352,CC1=CC=CC=C1OCC(O)CO,diffdock_results/Mephenesin/rank1.sdf
Isoeugenol,8.570295333862305,COC1=CC(C=CC)=CC=C1O,diffdock_results/Isoeugenol/rank1.sdf
Muzolimine,8.57004165649414,CC(N1N=C(N)CC1=O)C1=CC(Cl)=C(Cl)C=C1,diffdock_results/Muzolimine/rank1.sdf
Phenmetrazine,8.569439888000488,CC1NCCOC1C1=CC=CC=C1,diffdock_results/Phenmetrazine/rank1.sdf
Strontium chloride Sr-89,8.569223403930664,[Cl-].[Cl-].[89Sr++],diffdock_results/Strontium chloride Sr-89/rank1.sdf
Niacin,8.569110870361328,OC(=O)C1=CN=CC=C1,diffdock_results/Niacin/rank1.sdf
D-glucose,8.567365646362305,[H][C@@](O)(CO)[C@@]([H])(O)[C@]([H])(O)[C@@]([H])(O)C=O,diffdock_results/D-glucose/rank1.sdf
Sodium bicarbonate,8.565888404846191,[Na+].OC([O-])=O,diffdock_results/Sodium bicarbonate/rank1.sdf
Dipotassium phosphate,8.564559936523438,[K+].[K+].OP([O-])([O-])=O,diffdock_results/Dipotassium phosphate/rank1.sdf
Guaifenesin,8.56375789642334,COC1=CC=CC=C1OCC(O)CO,diffdock_results/Guaifenesin/rank1.sdf
Mepivacaine,8.562450408935547,CN1CCCCC1C(=O)NC1=C(C)C=CC=C1C,diffdock_results/Mepivacaine/rank1.sdf
Tapentadol,8.561250686645508,CC[C@H]([C@@H](C)CN(C)C)C1=CC(O)=CC=C1,diffdock_results/Tapentadol/rank1.sdf
Lactic acid,8.558160781860352,CC(O)C(O)=O,diffdock_results/Lactic acid/rank1.sdf
Captopril,8.557884216308594,C[C@H](CS)C(=O)N1CCC[C@H]1C(O)=O,diffdock_results/Captopril/rank1.sdf
Metamfetamine,8.557815551757812,CN[C@@H](C)CC1=CC=CC=C1,diffdock_results/Metamfetamine/rank1.sdf
Trichloroethylene,8.557212829589844,ClC=C(Cl)Cl,diffdock_results/Trichloroethylene/rank1.sdf
Levmetamfetamine,8.556450843811035,CN[C@H](C)CC1=CC=CC=C1,diffdock_results/Levmetamfetamine/rank1.sdf
Nicoboxil,8.555950164794922,CCCCOCCOC(=O)C1=CN=CC=C1,diffdock_results/Nicoboxil/rank1.sdf
"Sodium phosphate, dibasic",8.555335998535156,[Na+].[Na+].OP([O-])([O-])=O,"diffdock_results/Sodium phosphate, dibasic/rank1.sdf"
Chloroxine,8.55357551574707,OC1=C(Cl)C=C(Cl)C2=C1N=CC=C2,diffdock_results/Chloroxine/rank1.sdf
Gallium citrate Ga-67,8.54967975616455,[67Ga+3].OC(CC([O-])=O)(CC([O-])=O)C([O-])=O,diffdock_results/Gallium citrate Ga-67/rank1.sdf
Ethionamide,8.549612045288086,CCC1=NC=CC(=C1)C(N)=S,diffdock_results/Ethionamide/rank1.sdf
Fenfluramine,8.548367500305176,CCNC(C)CC1=CC=CC(=C1)C(F)(F)F,diffdock_results/Fenfluramine/rank1.sdf
Selenious acid,8.54664134979248,O[Se](O)=O,diffdock_results/Selenious acid/rank1.sdf
Triclofos,8.546326637268066,OP(O)(=O)OCC(Cl)(Cl)Cl,diffdock_results/Triclofos/rank1.sdf
Sodium ascorbate,8.546041488647461,[Na+].[H][C@@]1(OC(=O)C(O)=C1[O-])[C@@H](O)CO,diffdock_results/Sodium ascorbate/rank1.sdf
Echothiophate,8.545792579650879,CCOP(=O)(OCC)SCC[N+](C)(C)C,diffdock_results/Echothiophate/rank1.sdf
Primidone,8.544746398925781,CCC1(C(=O)NCNC1=O)C1=CC=CC=C1,diffdock_results/Primidone/rank1.sdf
Oxyquinoline,8.543506622314453,OC1=CC=CC2=C1N=CC=C2,diffdock_results/Oxyquinoline/rank1.sdf
Carbidopa,8.543292045593262,C[C@@](CC1=CC(O)=C(O)C=C1)(NN)C(O)=O,diffdock_results/Carbidopa/rank1.sdf
Diazoxide,8.541839599609375,CC1=NS(=O)(=O)C2=C(N1)C=CC(Cl)=C2,diffdock_results/Diazoxide/rank1.sdf
Tetracaine,8.539346694946289,CCCCNC1=CC=C(C=C1)C(=O)OCCN(C)C,diffdock_results/Tetracaine/rank1.sdf
Propiolactone,8.539031982421875,O=C1CCO1,diffdock_results/Propiolactone/rank1.sdf
Dichlorobenzyl alcohol,8.538938522338867,OCC1=C(Cl)C=C(Cl)C=C1,diffdock_results/Dichlorobenzyl alcohol/rank1.sdf
Metamizole,8.538848876953125,CN(CS(O)(=O)=O)C1=C(C)N(C)N(C1=O)C1=CC=CC=C1,diffdock_results/Metamizole/rank1.sdf
Hydromorphone,8.538372993469238,[H][C@@]12OC3=C(O)C=CC4=C3[C@@]11CCN(C)[C@]([H])(C4)[C@]1([H])CCC2=O,diffdock_results/Hydromorphone/rank1.sdf
Salbutamol,8.53714370727539,CC(C)(C)NCC(O)C1=CC(CO)=C(O)C=C1,diffdock_results/Salbutamol/rank1.sdf
Crotamiton,8.536638259887695,CCN(C(=O)C=CC)C1=CC=CC=C1C,diffdock_results/Crotamiton/rank1.sdf
Aluminum chloride,8.534746170043945,Cl[Al](Cl)Cl,diffdock_results/Aluminum chloride/rank1.sdf
Tripelennamine,8.534461975097656,CN(C)CCN(CC1=CC=CC=C1)C1=CC=CC=N1,diffdock_results/Tripelennamine/rank1.sdf
Progesterone,8.533845901489258,[H][C@@]12CC[C@H](C(C)=O)[C@@]1(C)CC[C@@]1([H])[C@@]2([H])CCC2=CC(=O)CC[C@]12C,diffdock_results/Progesterone/rank1.sdf
Dihydralazine,8.53270149230957,NNC1=C2C=CC=CC2=C(NN)N=N1,diffdock_results/Dihydralazine/rank1.sdf
Acetaminophen,8.532122611999512,CC(=O)NC1=CC=C(O)C=C1,diffdock_results/Acetaminophen/rank1.sdf
Sodium aurothiomalate,8.530327796936035,[Na+].[Na+].[O-]C(=O)CC(S[Au])C([O-])=O,diffdock_results/Sodium aurothiomalate/rank1.sdf
Pemoline,8.530147552490234,NC1=NC(=O)C(O1)C1=CC=CC=C1,diffdock_results/Pemoline/rank1.sdf
Tiludronic acid,8.529802322387695,OP(O)(=O)C(SC1=CC=C(Cl)C=C1)P(O)(O)=O,diffdock_results/Tiludronic acid/rank1.sdf
Sodium carbonate,8.529050827026367,[Na+].[Na+].[O-]C([O-])=O,diffdock_results/Sodium carbonate/rank1.sdf
Glutathione,8.527040481567383,N[C@@H](CCC(=O)N[C@@H](CS)C(=O)NCC(O)=O)C(O)=O,diffdock_results/Glutathione/rank1.sdf
Thimerosal,8.525738716125488,[Na+].CC[Hg]SC1=CC=CC=C1C([O-])=O,diffdock_results/Thimerosal/rank1.sdf
Amrinone,8.524381637573242,NC1=CC(=CNC1=O)C1=CC=NC=C1,diffdock_results/Amrinone/rank1.sdf
Phosphoric acid,8.52407455444336,OP(O)(O)=O,diffdock_results/Phosphoric acid/rank1.sdf
Parachlorophenol,8.523555755615234,OC1=CC=C(Cl)C=C1,diffdock_results/Parachlorophenol/rank1.sdf
Selenium Sulfide,8.52121639251709,S=[Se]=S,diffdock_results/Selenium Sulfide/rank1.sdf
Miglustat,8.520859718322754,CCCCN1C[C@H](O)[C@@H](O)[C@H](O)[C@H]1CO,diffdock_results/Miglustat/rank1.sdf
Tolnaftate,8.5198335647583,CN(C(=S)OC1=CC2=CC=CC=C2C=C1)C1=CC=CC(C)=C1,diffdock_results/Tolnaftate/rank1.sdf
Potassium citrate,8.519258499145508,[K+].[K+].[K+].OC(CC([O-])=O)(CC([O-])=O)C([O-])=O,diffdock_results/Potassium citrate/rank1.sdf
Fluciclovine (18F),8.518915176391602,N[C@]1(C[C@H]([18F])C1)C(O)=O,diffdock_results/Fluciclovine (18F)/rank1.sdf
Diiodohydroxyquinoline,8.518210411071777,OC1=C2N=CC=CC2=C(I)C=C1I,diffdock_results/Diiodohydroxyquinoline/rank1.sdf
Dopamine,8.517471313476562,NCCC1=CC(O)=C(O)C=C1,diffdock_results/Dopamine/rank1.sdf
Oxymorphone,8.515518188476562,[H][C@@]12OC3=C(O)C=CC4=C3[C@@]11CCN(C)[C@]([H])(C4)[C@]1(O)CCC2=O,diffdock_results/Oxymorphone/rank1.sdf
Tegaserod,8.514670372009277,CCCCCNC(=N)N\N=C\C1=CNC2=C1C=C(OC)C=C2,diffdock_results/Tegaserod/rank1.sdf
Chloral hydrate,8.512964248657227,OC(O)C(Cl)(Cl)Cl,diffdock_results/Chloral hydrate/rank1.sdf
Floxuridine,8.512838363647461,OC[C@H]1O[C@H](C[C@@H]1O)N1C=C(F)C(=O)NC1=O,diffdock_results/Floxuridine/rank1.sdf
Calcium saccharate,8.51258373260498,[Ca++].[H][C@](O)(C([O-])=O)[C@@]([H])(O)[C@]([H])(O)[C@]([H])(O)C([O-])=O,diffdock_results/Calcium saccharate/rank1.sdf
Isosorbide mononitrate,8.509971618652344,[H][C@]12OC[C@@H](O[N+]([O-])=O)[C@@]1([H])OC[C@@H]2O,diffdock_results/Isosorbide mononitrate/rank1.sdf
Naphazoline,8.506370544433594,C(C1=NCCN1)C1=CC=CC2=CC=CC=C12,diffdock_results/Naphazoline/rank1.sdf
Mepyramine,8.505457878112793,COC1=CC=C(CN(CCN(C)C)C2=NC=CC=C2)C=C1,diffdock_results/Mepyramine/rank1.sdf
Tegafur,8.505342483520508,FC1=CN(C2CCCO2)C(=O)NC1=O,diffdock_results/Tegafur/rank1.sdf
Propanoic acid,8.505012512207031,CCC(O)=O,diffdock_results/Propanoic acid/rank1.sdf
Monopotassium phosphate,8.503190994262695,[K+].OP(O)([O-])=O,diffdock_results/Monopotassium phosphate/rank1.sdf
Silodrate,8.503134727478027,O.[O--].[O--].[Mg++].[Mg++].[Al+3].[Al+3].[O-][Si]([O-])=O.[O-][Si]([O-])=O.[O-][Si]([O-])=O,diffdock_results/Silodrate/rank1.sdf
Technetium Tc-99m medronate,8.501365661621094,O.O.[98Tc+4].[O-]P([O-])(=O)CP([O-])([O-])=O,diffdock_results/Technetium Tc-99m medronate/rank1.sdf
Proxibarbal,8.499577522277832,CC(O)CC1(CC=C)C(=O)NC(=O)NC1=O,diffdock_results/Proxibarbal/rank1.sdf
Clodronic acid,8.496872901916504,OP(O)(=O)C(Cl)(Cl)P(O)(O)=O,diffdock_results/Clodronic acid/rank1.sdf
Pyridoxine,8.496679306030273,CC1=C(O)C(CO)=C(CO)C=N1,diffdock_results/Pyridoxine/rank1.sdf
Amiloride,8.49667739868164,NC(=N)NC(=O)C1=NC(Cl)=C(N)N=C1N,diffdock_results/Amiloride/rank1.sdf
Halothane,8.493653297424316,[H]C(Cl)(Br)C(F)(F)F,diffdock_results/Halothane/rank1.sdf
Chloramphenicol,8.492093086242676,OC[C@@H](NC(=O)C(Cl)Cl)[C@H](O)C1=CC=C(C=C1)[N+]([O-])=O,diffdock_results/Chloramphenicol/rank1.sdf
Ferric glycerophosphate,8.491304397583008,[Fe++].[Fe++].OCC(O)COP([O-])([O-])=O.OCCC(CCO)OP([O-])([O-])=O,diffdock_results/Ferric glycerophosphate/rank1.sdf
Tipiracil,8.487221717834473,ClC1=C(CN2CCCC2=N)NC(=O)NC1=O,diffdock_results/Tipiracil/rank1.sdf
Aluminum chlorohydrate,8.485773086547852,O.[OH-].[OH-].[OH-].[OH-].[OH-].[Al+3].[Al+3].[Cl-],diffdock_results/Aluminum chlorohydrate/rank1.sdf
Ethyl chloride,8.484016418457031,CCCl,diffdock_results/Ethyl chloride/rank1.sdf
Bithionol,8.483555793762207,OC1=C(SC2=C(O)C(Cl)=CC(Cl)=C2)C=C(Cl)C=C1Cl,diffdock_results/Bithionol/rank1.sdf
Chlormezanone,8.483467102050781,CN1C(C2=CC=C(Cl)C=C2)S(=O)(=O)CCC1=O,diffdock_results/Chlormezanone/rank1.sdf
Lindane,8.481451034545898,Cl[C@H]1[C@H](Cl)[C@@H](Cl)[C@@H](Cl)[C@H](Cl)[C@H]1Cl,diffdock_results/Lindane/rank1.sdf
Stannous chloride,8.48095703125,[Cl-].[Cl-].[Sn++],diffdock_results/Stannous chloride/rank1.sdf
Naftazone,8.480250358581543,NC(=O)N\N=C1/C=CC2=CC=CC=C2C1=O,diffdock_results/Naftazone/rank1.sdf
Protokylol,8.475305557250977,CC(CC1=CC=C2OCOC2=C1)NCC(O)C1=CC=C(O)C(O)=C1,diffdock_results/Protokylol/rank1.sdf
Chlorphenesin carbamate,8.47341251373291,NC(=O)OCC(O)COC1=CC=C(Cl)C=C1,diffdock_results/Chlorphenesin carbamate/rank1.sdf
Chlorobutanol,8.472240447998047,CC(C)(O)C(Cl)(Cl)Cl,diffdock_results/Chlorobutanol/rank1.sdf
Proparacaine,8.468602180480957,CCCOC1=C(N)C=C(C=C1)C(=O)OCCN(CC)CC,diffdock_results/Proparacaine/rank1.sdf
Naloxone,8.465192794799805,OC1=CC=C2C[C@H]3N(CC=C)CC[C@@]45[C@@H](OC1=C24)C(=O)CC[C@@]35O,diffdock_results/Naloxone/rank1.sdf
Norflurane,8.462952613830566,FCC(F)(F)F,diffdock_results/Norflurane/rank1.sdf
Carboxin,8.46072006225586,CC1=C(SCCO1)C(=O)NC1=CC=CC=C1,diffdock_results/Carboxin/rank1.sdf
Potassium lactate,8.459328651428223,[K+].CC(O)C([O-])=O,diffdock_results/Potassium lactate/rank1.sdf
Octasulfur,8.459026336669922,S1SSSSSSS1,diffdock_results/Octasulfur/rank1.sdf
Dexmedetomidine,8.45869255065918,C[C@H](C1=CNC=N1)C1=C(C)C(C)=CC=C1,diffdock_results/Dexmedetomidine/rank1.sdf
Ephedrine,8.45535659790039,CN[C@@H](C)[C@H](O)C1=CC=CC=C1,diffdock_results/Ephedrine/rank1.sdf
Flosequinan,8.453636169433594,CN1C=C(C(=O)C2=C1C=C(F)C=C2)S(C)=O,diffdock_results/Flosequinan/rank1.sdf
Synthetic camphor,8.452401161193848,CC1(C)C2CCC1(C)C(=O)C2,diffdock_results/Synthetic camphor/rank1.sdf
Metronidazole,8.45017147064209,CC1=NC=C(N1CCO)[N+]([O-])=O,diffdock_results/Metronidazole/rank1.sdf
Droxidopa,8.449481964111328,N[C@@H]([C@H](O)C1=CC(O)=C(O)C=C1)C(O)=O,diffdock_results/Droxidopa/rank1.sdf
Hexaminolevulinate,8.448293685913086,[H]N([H])CC(=O)CCC(=O)OCCCCCC,diffdock_results/Hexaminolevulinate/rank1.sdf
Phenazopyridine,8.44804859161377,NC1=NC(N)=C(C=C1)\N=N\C1=CC=CC=C1,diffdock_results/Phenazopyridine/rank1.sdf
Calcium acetate,8.445732116699219,[Ca++].CC([O-])=O.CC([O-])=O,diffdock_results/Calcium acetate/rank1.sdf
Nomifensine,8.44571590423584,CN1CC(C2=CC=CC=C2)C2=C(C1)C(N)=CC=C2,diffdock_results/Nomifensine/rank1.sdf
Technetium Tc-99m pertechnetate,8.4437255859375,O.O.O.O.[98Tc-],diffdock_results/Technetium Tc-99m pertechnetate/rank1.sdf
Pentafluoropropane,8.442353248596191,FC(F)CC(F)(F)F,diffdock_results/Pentafluoropropane/rank1.sdf
Amylocaine,8.439620018005371,CCC(C)(CN(C)C)OC(=O)C1=CC=CC=C1,diffdock_results/Amylocaine/rank1.sdf
Phenylethyl resorcinol,8.437739372253418,CC(C1=CC=CC=C1)C1=CC=C(O)C=C1O,diffdock_results/Phenylethyl resorcinol/rank1.sdf
Terpin hydrate,8.43450927734375,O.CC(C)(O)[C@H]1CC[C@@](C)(O)CC1,diffdock_results/Terpin hydrate/rank1.sdf
Methocarbamol,8.434496879577637,COC1=C(OCC(O)COC(N)=O)C=CC=C1,diffdock_results/Methocarbamol/rank1.sdf
Pantothenic acid,8.4339599609375,CC(C)(CO)[C@@H](O)C(=O)NCCC(O)=O,diffdock_results/Pantothenic acid/rank1.sdf
Estradiol acetate,8.430730819702148,[H][C@@]12CC[C@H](O)[C@@]1(C)CC[C@]1([H])C3=CC=C(OC(C)=O)C=C3CC[C@@]21[H],diffdock_results/Estradiol acetate/rank1.sdf
Dydrogesterone,8.43069076538086,[H][C@@]12CC[C@H](C(C)=O)[C@@]1(C)CC[C@]1([H])[C@@]2([H])C=CC2=CC(=O)CC[C@@]12C,diffdock_results/Dydrogesterone/rank1.sdf
Zinc dibutyldithiocarbamate,8.427909851074219,[Zn++].CCCCN(CCCC)C([S-])=S.CCCCN(CCCC)C([S-])=S,diffdock_results/Zinc dibutyldithiocarbamate/rank1.sdf
Zinc oxide,8.427860260009766,O=[Zn],diffdock_results/Zinc oxide/rank1.sdf
Edoxudine,8.425553321838379,CCC1=CN([C@H]2C[C@H](O)[C@@H](CO)O2)C(=O)NC1=O,diffdock_results/Edoxudine/rank1.sdf
Potassium gluconate,8.423418045043945,[K+].[H][C@@](O)(CO)[C@@]([H])(O)[C@]([H])(O)[C@@]([H])(O)C([O-])=O,diffdock_results/Potassium gluconate/rank1.sdf
Acetic acid,8.422771453857422,CC(O)=O,diffdock_results/Acetic acid/rank1.sdf
Succimer,8.421507835388184,OC(=O)[C@@H](S)[C@@H](S)C(O)=O,diffdock_results/Succimer/rank1.sdf
Ethoheptazine,8.420597076416016,CCOC(=O)C1(CCCN(C)CC1)C1=CC=CC=C1,diffdock_results/Ethoheptazine/rank1.sdf
Bisphenol A diglycidyl ether,8.42044448852539,CC(C)(C1=CC=C(OCC2CO2)C=C1)C1=CC=C(OCC2CO2)C=C1,diffdock_results/Bisphenol A diglycidyl ether/rank1.sdf
Secobarbital,8.419149398803711,CCCC(C)C1(CC=C)C(=O)NC(=O)NC1=O,diffdock_results/Secobarbital/rank1.sdf
Aminolevulinic acid,8.417350769042969,NCC(=O)CCC(O)=O,diffdock_results/Aminolevulinic acid/rank1.sdf
Paraldehyde,8.417016983032227,CC1OC(C)OC(C)O1,diffdock_results/Paraldehyde/rank1.sdf
Sodium metavanadate,8.412700653076172,[Na+].[O-][V](=O)=O,diffdock_results/Sodium metavanadate/rank1.sdf
Nalmefene,8.410765647888184,[H][C@@]12OC3=C(O)C=CC4=C3[C@@]11CCN(CC3CC3)[C@]([H])(C4)[C@]1(O)CCC2=C,diffdock_results/Nalmefene/rank1.sdf
Clotiazepam,8.410573959350586,CCC1=CC2=C(S1)N(C)C(=O)CN=C2C1=CC=CC=C1Cl,diffdock_results/Clotiazepam/rank1.sdf
Midazolam,8.410477638244629,CC1=NC=C2CN=C(C3=CC=CC=C3F)C3=C(C=CC(Cl)=C3)N12,diffdock_results/Midazolam/rank1.sdf
Alprazolam,8.40983772277832,CC1=NN=C2CN=C(C3=CC=CC=C3)C3=C(C=CC(Cl)=C3)N12,diffdock_results/Alprazolam/rank1.sdf
Benzoin,8.408143997192383,OC(C(=O)C1=CC=CC=C1)C1=CC=CC=C1,diffdock_results/Benzoin/rank1.sdf
Edaravone,8.407690048217773,CC1=NN(C(=O)C1)C1=CC=CC=C1,diffdock_results/Edaravone/rank1.sdf
Didanosine,8.405954360961914,OC[C@@H]1CC[C@@H](O1)N1C=NC2=C1NC=NC2=O,diffdock_results/Didanosine/rank1.sdf
Glycerin,8.40512752532959,OCC(O)CO,diffdock_results/Glycerin/rank1.sdf
Sodium chromate Cr-51,8.402247428894043,[Na+].[Na+].[O-][51Cr]([O-])(=O)=O,diffdock_results/Sodium chromate Cr-51/rank1.sdf
Praziquantel,8.401951789855957,O=C(C1CCCCC1)N1CC2N(CCC3=CC=CC=C23)C(=O)C1,diffdock_results/Praziquantel/rank1.sdf
Chlorprothixene,8.399858474731445,CN(C)CC\C=C1\C2=CC=CC=C2SC2=CC=C(Cl)C=C12,diffdock_results/Chlorprothixene/rank1.sdf
"Sodium phosphate, monobasic",8.397789001464844,[Na+].OP(O)([O-])=O,"diffdock_results/Sodium phosphate, monobasic/rank1.sdf"
Baclofen,8.397464752197266,NCC(CC(O)=O)C1=CC=C(Cl)C=C1,diffdock_results/Baclofen/rank1.sdf
Milrinone,8.397415161132812,CC1=C(C=C(C#N)C(=O)N1)C1=CC=NC=C1,diffdock_results/Milrinone/rank1.sdf
Thiamylal,8.396953582763672,CCCC(C)C1(CC=C)C(=O)NC(=S)NC1=O,diffdock_results/Thiamylal/rank1.sdf
Ethinamate,8.39609432220459,NC(=O)OC1(CCCCC1)C#C,diffdock_results/Ethinamate/rank1.sdf
Chromic nitrate,8.39521598815918,[Cr+3].[O-][N+]([O-])=O.[O-][N+]([O-])=O.[O-][N+]([O-])=O,diffdock_results/Chromic nitrate/rank1.sdf
Acetylcysteine,8.394893646240234,CC(=O)N[C@@H](CS)C(O)=O,diffdock_results/Acetylcysteine/rank1.sdf
Foscarnet,8.394535064697266,OC(=O)P(O)(O)=O,diffdock_results/Foscarnet/rank1.sdf
Ethchlorvynol,8.392851829528809,CCC(O)(\C=C\Cl)C#C,diffdock_results/Ethchlorvynol/rank1.sdf
Thiohexam,8.39139175415039,C1CCC(CC1)NSC1=NC2=CC=CC=C2S1,diffdock_results/Thiohexam/rank1.sdf
Isoflurophate,8.390682220458984,CC(C)OP(F)(=O)OC(C)C,diffdock_results/Isoflurophate/rank1.sdf
Selenomethionine,8.38906478881836,C[Se]CC[C@H](N)C(O)=O,diffdock_results/Selenomethionine/rank1.sdf
Quinethazone,8.388771057128906,CCC1NC(=O)C2=CC(=C(Cl)C=C2N1)S(N)(=O)=O,diffdock_results/Quinethazone/rank1.sdf
Butalbital,8.388252258300781,CC(C)CC1(CC=C)C(=O)NC(=O)NC1=O,diffdock_results/Butalbital/rank1.sdf
Diethyltoluamide,8.387533187866211,CCN(CC)C(=O)C1=CC(C)=CC=C1,diffdock_results/Diethyltoluamide/rank1.sdf
Normethadone,8.385971069335938,CCC(=O)C(CCN(C)C)(C1=CC=CC=C1)C1=CC=CC=C1,diffdock_results/Normethadone/rank1.sdf
Ornithine,8.385847091674805,NCCC[C@H](N)C(O)=O,diffdock_results/Ornithine/rank1.sdf
Zytron,8.381585121154785,COP(=S)(NC(C)C)OC1=CC=C(Cl)C=C1Cl,diffdock_results/Zytron/rank1.sdf
Zinc ascorbate,8.380359649658203,[Zn++].[H][C@@]1(OC(=O)C(O)=C1[O-])[C@@H](O)CO.[H][C@@]1(OC(=O)C(O)=C1[O-])[C@@H](O)CO,diffdock_results/Zinc ascorbate/rank1.sdf
Liothyronine,8.377096176147461,N[C@@H](CC1=CC(I)=C(OC2=CC(I)=C(O)C=C2)C(I)=C1)C(O)=O,diffdock_results/Liothyronine/rank1.sdf
Bufexamac,8.376677513122559,CCCCOC1=CC=C(CC(=O)NO)C=C1,diffdock_results/Bufexamac/rank1.sdf
Sulbactam,8.375805854797363,[H][C@@]12CC(=O)N1[C@@]([H])(C(O)=O)C(C)(C)S2(=O)=O,diffdock_results/Sulbactam/rank1.sdf
Formaldehyde,8.369662284851074,[H]C([H])=O,diffdock_results/Formaldehyde/rank1.sdf
Tilarginine,8.366157531738281,CNC(=N)NCCC[C@H](N)C(O)=O,diffdock_results/Tilarginine/rank1.sdf
Lithium carbonate,8.364591598510742,[Li+].[Li+].[O-]C([O-])=O,diffdock_results/Lithium carbonate/rank1.sdf
Calcium lactate,8.363662719726562,[Ca++].CC(O)C([O-])=O.CC(O)C([O-])=O,diffdock_results/Calcium lactate/rank1.sdf
Carisoprodol,8.361797332763672,CCCC(C)(COC(N)=O)COC(=O)NC(C)C,diffdock_results/Carisoprodol/rank1.sdf
Ascorbic acid,8.360706329345703,[H][C@@]1(OC(=O)C(O)=C1O)[C@@H](O)CO,diffdock_results/Ascorbic acid/rank1.sdf
Acipimox,8.360644340515137,CC1=[N+]([O-])C=C(N=C1)C(O)=O,diffdock_results/Acipimox/rank1.sdf
Dexmethylphenidate,8.359192848205566,[H][C@@](C(=O)OC)(C1=CC=CC=C1)[C@@]1([H])CCCCN1,diffdock_results/Dexmethylphenidate/rank1.sdf
Thiopental,8.357219696044922,CCCC(C)C1(CC)C(=O)NC(=S)NC1=O,diffdock_results/Thiopental/rank1.sdf
Ritiometan,8.356308937072754,OC(=O)CSC(SCC(O)=O)SCC(O)=O,diffdock_results/Ritiometan/rank1.sdf
Aminosalicylic acid,8.354183197021484,NC1=CC(O)=C(C=C1)C(O)=O,diffdock_results/Aminosalicylic acid/rank1.sdf
Gluconolactone,8.35145378112793,OC[C@H]1OC(=O)[C@H](O)[C@@H](O)[C@@H]1O,diffdock_results/Gluconolactone/rank1.sdf
Calcium ascorbate,8.350484848022461,[Ca++].OC[C@H](O)[C@H]1OC(=O)C(O)=C1[O-].OC[C@H](O)[C@H]1OC(=O)C(O)=C1[O-],diffdock_results/Calcium ascorbate/rank1.sdf
Magnesium acetate,8.350346565246582,[Mg++].CC([O-])=O.CC([O-])=O,diffdock_results/Magnesium acetate/rank1.sdf
Tasimelteon,8.348657608032227,CCC(=O)NC[C@@H]1C[C@H]1C1=CC=CC2=C1CCO2,diffdock_results/Tasimelteon/rank1.sdf
Benzphetamine,8.34714126586914,C[C@@H](CC1=CC=CC=C1)N(C)CC1=CC=CC=C1,diffdock_results/Benzphetamine/rank1.sdf
Sparfloxacin,8.345209121704102,C[C@H]1CN(C[C@@H](C)N1)C1=C(F)C(N)=C2C(=O)C(=CN(C3CC3)C2=C1F)C(O)=O,diffdock_results/Sparfloxacin/rank1.sdf
Coenzyme M,8.345136642456055,OS(=O)(=O)CCS,diffdock_results/Coenzyme M/rank1.sdf
Cinoxate,8.342610359191895,CCOCCOC(=O)\C=C\C1=CC=C(OC)C=C1,diffdock_results/Cinoxate/rank1.sdf
Enprofylline,8.342199325561523,CCCN1C2=C(NC=N2)C(=O)NC1=O,diffdock_results/Enprofylline/rank1.sdf
Codeine,8.340973854064941,[H][C@]12C=C[C@H](O)[C@@H]3OC4=C5C(C[C@H]1N(C)CC[C@@]235)=CC=C4OC,diffdock_results/Codeine/rank1.sdf
Pentobarbital,8.339974403381348,CCCC(C)C1(CC)C(=O)NC(=O)NC1=O,diffdock_results/Pentobarbital/rank1.sdf
Chloroxylenol,8.339564323425293,CC1=CC(O)=CC(C)=C1Cl,diffdock_results/Chloroxylenol/rank1.sdf
Methoxyphenamine,8.33814525604248,CNC(C)CC1=CC=CC=C1OC,diffdock_results/Methoxyphenamine/rank1.sdf
Talbutal,8.337307929992676,CCC(C)C1(CC=C)C(=O)NC(=O)NC1=O,diffdock_results/Talbutal/rank1.sdf
Phendimetrazine,8.337249755859375,C[C@H]1[C@@H](OCCN1C)C1=CC=CC=C1,diffdock_results/Phendimetrazine/rank1.sdf
Diphenylguanidine,8.335271835327148,N=C(NC1=CC=CC=C1)NC1=CC=CC=C1,diffdock_results/Diphenylguanidine/rank1.sdf
Butabarbital,8.333841323852539,CCC(C)C1(CC)C(=O)NC(=O)NC1=O,diffdock_results/Butabarbital/rank1.sdf
Halazepam,8.333802223205566,FC(F)(F)CN1C2=C(C=C(Cl)C=C2)C(=NCC1=O)C1=CC=CC=C1,diffdock_results/Halazepam/rank1.sdf
Etafedrine,8.333131790161133,CCN(C)[C@@H](C)[C@H](O)C1=CC=CC=C1,diffdock_results/Etafedrine/rank1.sdf
Hydroxyamphetamine,8.331267356872559,CC(N)CC1=CC=C(O)C=C1,diffdock_results/Hydroxyamphetamine/rank1.sdf
Resorcinol,8.33018684387207,OC1=CC(O)=CC=C1,diffdock_results/Resorcinol/rank1.sdf
Pamidronic acid,8.327485084533691,NCCC(O)(P(O)(O)=O)P(O)(O)=O,diffdock_results/Pamidronic acid/rank1.sdf
Piperonyl butoxide,8.326156616210938,CCCCOCCOCCOCC1=CC2=C(OCO2)C=C1CCC,diffdock_results/Piperonyl butoxide/rank1.sdf
Crisaborole,8.32509994506836,OB1OCC2=C1C=CC(OC1=CC=C(C=C1)C#N)=C2,diffdock_results/Crisaborole/rank1.sdf
Selenomethionine Se-75,8.325098037719727,C[75Se]CC[C@H](N)C(O)=O,diffdock_results/Selenomethionine Se-75/rank1.sdf
Meprobamate,8.32077407836914,CCCC(C)(COC(N)=O)COC(N)=O,diffdock_results/Meprobamate/rank1.sdf
Niclosamide,8.319782257080078,OC1=C(C=C(Cl)C=C1)C(=O)NC1=C(Cl)C=C(C=C1)[N+]([O-])=O,diffdock_results/Niclosamide/rank1.sdf
Racemethionine,8.319037437438965,CSCCC(N)C(O)=O,diffdock_results/Racemethionine/rank1.sdf
Salicylamide,8.316798210144043,NC(=O)C1=CC=CC=C1O,diffdock_results/Salicylamide/rank1.sdf
Selenic acid,8.316243171691895,O[Se](O)(=O)=O,diffdock_results/Selenic acid/rank1.sdf
Ferric ammonium citrate,8.311681747436523,N.[Fe+3].OC(=O)CC(O)(CC(O)=O)C(O)=O,diffdock_results/Ferric ammonium citrate/rank1.sdf
Esketamine,8.309082984924316,CN[C@@]1(CCCCC1=O)C1=CC=CC=C1Cl,diffdock_results/Esketamine/rank1.sdf
Technetium Tc-99m pyrophosphate,8.305814743041992,[99Tc+4].[O-]P([O-])(=O)OP([O-])([O-])=O,diffdock_results/Technetium Tc-99m pyrophosphate/rank1.sdf
Calcium Phosphate,8.30512809753418,[Ca++].[Ca++].[Ca++].[O-]P([O-])([O-])=O.[O-]P([O-])([O-])=O,diffdock_results/Calcium Phosphate/rank1.sdf
Propyl alcohol,8.301774024963379,CCCO,diffdock_results/Propyl alcohol/rank1.sdf
Riboflavin,8.29908275604248,CC1=C(C)C=C2N(C[C@H](O)[C@H](O)[C@H](O)CO)C3=NC(=O)NC(=O)C3=NC2=C1,diffdock_results/Riboflavin/rank1.sdf
Gallium nitrate,8.297582626342773,[Ga+3].[O-][N+]([O-])=O.[O-][N+]([O-])=O.[O-][N+]([O-])=O,diffdock_results/Gallium nitrate/rank1.sdf
Dihydrocodeine,8.294849395751953,[H][C@@]12OC3=C4C(C[C@H]5N(C)CC[C@@]14[C@@]5([H])CC[C@@H]2O)=CC=C3OC,diffdock_results/Dihydrocodeine/rank1.sdf
Oteracil,8.294440269470215,OC(=O)C1=NC(=O)NC(=O)N1,diffdock_results/Oteracil/rank1.sdf
Pregabalin,8.293744087219238,CC(C)C[C@H](CN)CC(O)=O,diffdock_results/Pregabalin/rank1.sdf
Bromotheophylline,8.293228149414062,CN1C2=C(NC(Br)=N2)C(=O)N(C)C1=O,diffdock_results/Bromotheophylline/rank1.sdf
Citric acid,8.290852546691895,OC(=O)CC(O)(CC(O)=O)C(O)=O,diffdock_results/Citric acid/rank1.sdf
Benzyl alcohol,8.29044246673584,OCC1=CC=CC=C1,diffdock_results/Benzyl alcohol/rank1.sdf
Methyprylon,8.289877891540527,CCC1(CC)C(=O)NCC(C)C1=O,diffdock_results/Methyprylon/rank1.sdf
D-Serine,8.288955688476562,N[C@H](CO)C(O)=O,diffdock_results/D-Serine/rank1.sdf
Domiphen,8.288457870483398,CCCCCCCCCCCC[N+](C)(C)CCOC1=CC=CC=C1,diffdock_results/Domiphen/rank1.sdf
Sibutramine,8.287141799926758,CC(C)CC(N(C)C)C1(CCC1)C1=CC=C(Cl)C=C1,diffdock_results/Sibutramine/rank1.sdf
Abametapir,8.285005569458008,CC1=CC=C(N=C1)C1=CC=C(C)C=N1,diffdock_results/Abametapir/rank1.sdf
Cinoxacin,8.284979820251465,CCN1N=C(C(O)=O)C(=O)C2=CC3=C(OCO3)C=C12,diffdock_results/Cinoxacin/rank1.sdf
Apronalide,8.284971237182617,CC(C)C(CC=C)C(=O)NC(N)=O,diffdock_results/Apronalide/rank1.sdf
Mephentermine,8.282083511352539,CNC(C)(C)CC1=CC=CC=C1,diffdock_results/Mephentermine/rank1.sdf
Pergolide,8.28162956237793,[H][C@@]12CC3=CNC4=CC=CC(=C34)[C@@]1([H])C[C@@H](CSC)CN2CCC,diffdock_results/Pergolide/rank1.sdf
Gluconic Acid,8.277955055236816,OC[C@@H](O)[C@@H](O)[C@H](O)[C@@H](O)C(O)=O,diffdock_results/Gluconic Acid/rank1.sdf
Bromhexine,8.276975631713867,CN(CC1=CC(Br)=CC(Br)=C1N)C1CCCCC1,diffdock_results/Bromhexine/rank1.sdf
Phentermine,8.274565696716309,CC(C)(N)CC1=CC=CC=C1,diffdock_results/Phentermine/rank1.sdf
Suprofen,8.271120071411133,CC(C(O)=O)C1=CC=C(C=C1)C(=O)C1=CC=CS1,diffdock_results/Suprofen/rank1.sdf
Amobarbital,8.27066421508789,CCC1(CCC(C)C)C(=O)NC(=O)NC1=O,diffdock_results/Amobarbital/rank1.sdf
Eugenol,8.269147872924805,COC1=C(O)C=CC(CC=C)=C1,diffdock_results/Eugenol/rank1.sdf
Neostigmine,8.26722526550293,CN(C)C(=O)OC1=CC(=CC=C1)[N+](C)(C)C,diffdock_results/Neostigmine/rank1.sdf
Propyliodone,8.265594482421875,CCCOC(=O)CN1C=C(I)C(=O)C(I)=C1,diffdock_results/Propyliodone/rank1.sdf
Camphor,8.263182640075684,[H][C@@]12CC[C@@](C)(C(=O)C1)C2(C)C,diffdock_results/Camphor/rank1.sdf
Encainide,8.262968063354492,COC1=CC=C(C=C1)C(=O)NC1=CC=CC=C1CCC1CCCCN1C,diffdock_results/Encainide/rank1.sdf
Tocainide,8.261202812194824,CC(N)C(=O)NC1=C(C)C=CC=C1C,diffdock_results/Tocainide/rank1.sdf
Adenosine phosphate,8.260011672973633,NC1=C2N=CN([C@@H]3O[C@H](COP(O)(O)=O)[C@@H](O)[C@H]3O)C2=NC=N1,diffdock_results/Adenosine phosphate/rank1.sdf
Tromethamine,8.259196281433105,NC(CO)(CO)CO,diffdock_results/Tromethamine/rank1.sdf
Iodohippurate sodium I-123,8.259013175964355,[Na+].[O-]C(=O)CNC(=O)C1=CC=CC=C1[123I],diffdock_results/Iodohippurate sodium I-123/rank1.sdf
Hydrocodone,8.257984161376953,[H][C@@]12OC3=C(OC)C=CC4=C3[C@@]11CCN(C)[C@]([H])(C4)[C@]1([H])CCC2=O,diffdock_results/Hydrocodone/rank1.sdf
Monobenzone,8.256505966186523,OC1=CC=C(OCC2=CC=CC=C2)C=C1,diffdock_results/Monobenzone/rank1.sdf
N-acetyltyrosine,8.256208419799805,CC(=O)N[C@@H](CC1=CC=C(O)C=C1)C(O)=O,diffdock_results/N-acetyltyrosine/rank1.sdf
Phenylalanine,8.250718116760254,N[C@@H](CC1=CC=CC=C1)C(O)=O,diffdock_results/Phenylalanine/rank1.sdf
Cinnamyl alcohol,8.25054931640625,OC\C=C\C1=CC=CC=C1,diffdock_results/Cinnamyl alcohol/rank1.sdf
Cinnamaldehyde,8.250267028808594,O=C\C=C\C1=CC=CC=C1,diffdock_results/Cinnamaldehyde/rank1.sdf
Calcium phosphate dihydrate,8.249239921569824,O.O.[Ca++].OP([O-])([O-])=O,diffdock_results/Calcium phosphate dihydrate/rank1.sdf
Erythrityl tetranitrate,8.248054504394531,[O-][N+](=O)OC[C@@H](O[N+]([O-])=O)[C@H](CO[N+]([O-])=O)O[N+]([O-])=O,diffdock_results/Erythrityl tetranitrate/rank1.sdf
Diethylpropion,8.247977256774902,CCN(CC)C(C)C(=O)C1=CC=CC=C1,diffdock_results/Diethylpropion/rank1.sdf
Haloprogin,8.24790096282959,ClC1=CC(Cl)=C(Cl)C=C1OCC#CI,diffdock_results/Haloprogin/rank1.sdf
Chlorzoxazone,8.245687484741211,ClC1=CC2=C(OC(=O)N2)C=C1,diffdock_results/Chlorzoxazone/rank1.sdf
Methsuximide,8.241669654846191,CN1C(=O)CC(C)(C1=O)C1=CC=CC=C1,diffdock_results/Methsuximide/rank1.sdf
Protionamide,8.2413330078125,CCCC1=CC(=CC=N1)C(N)=S,diffdock_results/Protionamide/rank1.sdf
Nimesulide,8.23989200592041,CS(=O)(=O)NC1=C(OC2=CC=CC=C2)C=C(C=C1)[N+]([O-])=O,diffdock_results/Nimesulide/rank1.sdf
Biotin,8.239325523376465,[H][C@]12CS[C@@H](CCCCC(O)=O)[C@@]1([H])NC(=O)N2,diffdock_results/Biotin/rank1.sdf
Dioctyldimonium,8.236794471740723,CCCCCCCC[N+](C)(C)CCCCCCCC,diffdock_results/Dioctyldimonium/rank1.sdf
Tranexamic acid,8.22932243347168,NC[C@H]1CC[C@@H](CC1)C(O)=O,diffdock_results/Tranexamic acid/rank1.sdf
Sodium tartrate,8.229232788085938,[Na+].[Na+].O[C@H]([C@@H](O)C([O-])=O)C([O-])=O,diffdock_results/Sodium tartrate/rank1.sdf
Sodium citrate,8.22560977935791,[Na+].[Na+].[Na+].OC(CC([O-])=O)(CC([O-])=O)C([O-])=O,diffdock_results/Sodium citrate/rank1.sdf
Cantharidin,8.224184036254883,[H][C@]12CC[C@]([H])(O1)[C@]1(C)C(=O)OC(=O)[C@]21C,diffdock_results/Cantharidin/rank1.sdf
Cysteine,8.221015930175781,N[C@@H](CS)C(O)=O,diffdock_results/Cysteine/rank1.sdf
Nitazoxanide,8.216739654541016,CC(=O)OC1=CC=CC=C1C(=O)NC1=NC=C(S1)[N+]([O-])=O,diffdock_results/Nitazoxanide/rank1.sdf
Clobazam,8.216229438781738,CN1C2=C(C=C(Cl)C=C2)N(C2=CC=CC=C2)C(=O)CC1=O,diffdock_results/Clobazam/rank1.sdf
Tavaborole,8.214710235595703,OB1OCC2=CC(F)=CC=C12,diffdock_results/Tavaborole/rank1.sdf
Penicillamine,8.213811874389648,[H][C@](N)(C(O)=O)C(C)(C)S,diffdock_results/Penicillamine/rank1.sdf
Methyldopa,8.213275909423828,C[C@](N)(CC1=CC=C(O)C(O)=C1)C(O)=O,diffdock_results/Methyldopa/rank1.sdf
Uracil mustard,8.211874008178711,ClCCN(CCCl)C1=CNC(=O)NC1=O,diffdock_results/Uracil mustard/rank1.sdf
Amyl Nitrite,8.206442832946777,CCCCCON=O,diffdock_results/Amyl Nitrite/rank1.sdf
Cystine,8.206403732299805,N[C@@H](CSSC[C@H](N)C(O)=O)C(O)=O,diffdock_results/Cystine/rank1.sdf
Allantoin,8.202276229858398,NC(=O)NC1NC(=O)NC1=O,diffdock_results/Allantoin/rank1.sdf
Chloroquine,8.201446533203125,CCN(CC)CCCC(C)NC1=CC=NC2=CC(Cl)=CC=C12,diffdock_results/Chloroquine/rank1.sdf
Oxygen,8.200540542602539,O=O,diffdock_results/Oxygen/rank1.sdf
Amphetamine,8.194592475891113,CC(N)CC1=CC=CC=C1,diffdock_results/Amphetamine/rank1.sdf
Albendazole,8.189929008483887,CCCSC1=CC2=C(C=C1)N=C(NC(=O)OC)N2,diffdock_results/Albendazole/rank1.sdf
Thymol,8.189781188964844,CC(C)C1=CC=C(C)C=C1O,diffdock_results/Thymol/rank1.sdf
Glutethimide,8.187239646911621,CCC1(CCC(=O)NC1=O)C1=CC=CC=C1,diffdock_results/Glutethimide/rank1.sdf
Fosfomycin,8.186844825744629,C[C@@H]1O[C@@H]1P(O)(O)=O,diffdock_results/Fosfomycin/rank1.sdf
Chlorquinaldol,8.184064865112305,CC1=NC2=C(C=C1)C(Cl)=CC(Cl)=C2O,diffdock_results/Chlorquinaldol/rank1.sdf
Lipoic acid,8.182746887207031,OC(=O)CCCC[C@@H]1CCSS1,diffdock_results/Lipoic acid/rank1.sdf
Diazepam,8.182554244995117,CN1C2=C(C=C(Cl)C=C2)C(=NCC1=O)C1=CC=CC=C1,diffdock_results/Diazepam/rank1.sdf
Diphemanil,8.181178092956543,C[N+]1(C)CCC(CC1)=C(C1=CC=CC=C1)C1=CC=CC=C1,diffdock_results/Diphemanil/rank1.sdf
Guaiacol,8.18083381652832,COC1=C(O)C=CC=C1,diffdock_results/Guaiacol/rank1.sdf
Agomelatine,8.176248550415039,COC1=CC2=C(C=CC=C2CCNC(C)=O)C=C1,diffdock_results/Agomelatine/rank1.sdf
Aminobenzoic acid,8.172687530517578,NC1=CC=C(C=C1)C(O)=O,diffdock_results/Aminobenzoic acid/rank1.sdf
Isometheptene,8.172539710998535,CNC(C)CCC=C(C)C,diffdock_results/Isometheptene/rank1.sdf
Chlordiazepoxide,8.17211627960205,CNC1=NC2=C(C=C(Cl)C=C2)C(C2=CC=CC=C2)=[N+]([O-])C1,diffdock_results/Chlordiazepoxide/rank1.sdf
Lithium citrate,8.16928482055664,[Li+].[Li+].[Li+].OC(CC([O-])=O)(CC([O-])=O)C([O-])=O,diffdock_results/Lithium citrate/rank1.sdf
Ciprofibrate,8.1669282913208,CC(C)(OC1=CC=C(C=C1)C1CC1(Cl)Cl)C(O)=O,diffdock_results/Ciprofibrate/rank1.sdf
Asparagine,8.166339874267578,N[C@@H](CC(N)=O)C(O)=O,diffdock_results/Asparagine/rank1.sdf
Butylene glycol,8.166169166564941,CC(O)CCO,diffdock_results/Butylene glycol/rank1.sdf
Bronopol,8.166149139404297,OCC(Br)(CO)[N+]([O-])=O,diffdock_results/Bronopol/rank1.sdf
Vitamin A,8.165071487426758,C\C(=C/CO)\C=C\C=C(/C)\C=C\C1=C(C)CCCC1(C)C,diffdock_results/Vitamin A/rank1.sdf
Amantadine,8.162872314453125,NC12CC3CC(CC(C3)C1)C2,diffdock_results/Amantadine/rank1.sdf
Ethotoin,8.161229133605957,CCN1C(=O)NC(C1=O)C1=CC=CC=C1,diffdock_results/Ethotoin/rank1.sdf
Fenpropidin,8.161178588867188,CC(CN1CCCCC1)CC1=CC=C(C=C1)C(C)(C)C,diffdock_results/Fenpropidin/rank1.sdf
Proflavine,8.159732818603516,NC1=CC2=NC3=C(C=CC(N)=C3)C=C2C=C1,diffdock_results/Proflavine/rank1.sdf
Pirfenidone,8.149967193603516,CC1=CN(C(=O)C=C1)C1=CC=CC=C1,diffdock_results/Pirfenidone/rank1.sdf
Acetylcarnitine,8.149251937866211,CC(=O)O[C@H](CC([O-])=O)C[N+](C)(C)C,diffdock_results/Acetylcarnitine/rank1.sdf
Huperzine A,8.147809028625488,[H][C@@]12CC3=C(C=CC(=O)N3)[C@@](N)(CC(C)=C1)\C2=C\C,diffdock_results/Huperzine A/rank1.sdf
Phensuximide,8.147307395935059,CN1C(=O)CC(C1=O)C1=CC=CC=C1,diffdock_results/Phensuximide/rank1.sdf
Omeprazole,8.138601303100586,COC1=CC2=C(C=C1)N=C(N2)S(=O)CC1=NC=C(C)C(OC)=C1C,diffdock_results/Omeprazole/rank1.sdf
Griseofulvin,8.1375093460083,COC1=CC(OC)=C(Cl)C2=C1C(=O)[C@]1(O2)[C@H](C)CC(=O)C=C1OC,diffdock_results/Griseofulvin/rank1.sdf
Aurothioglucose,8.134931564331055,OC[C@H]1O[C@H](S[Au])[C@H](O)[C@@H](O)[C@@H]1O,diffdock_results/Aurothioglucose/rank1.sdf
Valine,8.134896278381348,CC(C)[C@H](N)C(O)=O,diffdock_results/Valine/rank1.sdf
Thalidomide,8.127077102661133,O=C1N(C2CCC(=O)NC2=O)C(=O)C2=CC=CC=C12,diffdock_results/Thalidomide/rank1.sdf
Mephenytoin,8.126607894897461,CCC1(NC(=O)N(C)C1=O)C1=CC=CC=C1,diffdock_results/Mephenytoin/rank1.sdf
Propylhexedrine,8.126276969909668,CNC(C)CC1CCCCC1,diffdock_results/Propylhexedrine/rank1.sdf
Melatonin,8.118517875671387,COC1=CC2=C(NC=C2CCNC(C)=O)C=C1,diffdock_results/Melatonin/rank1.sdf
Sodium oxybate,8.114892959594727,[Na+].OCCCC([O-])=O,diffdock_results/Sodium oxybate/rank1.sdf
Potassium alum,8.11021614074707,[Al+3].[K+].[O-]S([O-])(=O)=O.[O-]S([O-])(=O)=O,diffdock_results/Potassium alum/rank1.sdf
Ketamine,8.109724998474121,CNC1(CCCCC1=O)C1=CC=CC=C1Cl,diffdock_results/Ketamine/rank1.sdf
Bromazepam,8.10822582244873,BrC1=CC2=C(NC(=O)CN=C2C2=CC=CC=N2)C=C1,diffdock_results/Bromazepam/rank1.sdf
Methylparaben,8.105693817138672,COC(=O)C1=CC=C(O)C=C1,diffdock_results/Methylparaben/rank1.sdf
Trimethadione,8.10323429107666,CN1C(=O)OC(C)(C)C1=O,diffdock_results/Trimethadione/rank1.sdf
Flunitrazepam,8.100576400756836,CN1C2=C(C=C(C=C2)[N+]([O-])=O)C(=NCC1=O)C1=CC=CC=C1F,diffdock_results/Flunitrazepam/rank1.sdf
Mesalazine,8.099693298339844,NC1=CC(C(O)=O)=C(O)C=C1,diffdock_results/Mesalazine/rank1.sdf
Tretinoin,8.09963607788086,C\C(\C=C\C1=C(C)CCCC1(C)C)=C/C=C/C(/C)=C/C(O)=O,diffdock_results/Tretinoin/rank1.sdf
Iodohippurate sodium I-131,8.097921371459961,[Na+].[O-]C(=O)CNC(=O)C1=C([131I])C=CC=C1,diffdock_results/Iodohippurate sodium I-131/rank1.sdf
Technetium Tc-99m oxidronate,8.097169876098633,[99Tc].OC(P(O)(O)=O)P(O)(O)=O,diffdock_results/Technetium Tc-99m oxidronate/rank1.sdf
Resorcinol monoacetate,8.096749305725098,CC(=O)OC1=CC(O)=CC=C1,diffdock_results/Resorcinol monoacetate/rank1.sdf
gamma-Hydroxybutyric acid,8.092666625976562,OCCCC(O)=O,diffdock_results/gamma-Hydroxybutyric acid/rank1.sdf
Zaleplon,8.091222763061523,CCN(C(C)=O)C1=CC=CC(=C1)C1=CC=NC2=C(C=NN12)C#N,diffdock_results/Zaleplon/rank1.sdf
Threonine,8.079267501831055,C[C@@H](O)[C@H](N)C(O)=O,diffdock_results/Threonine/rank1.sdf
alpha-Amyl cinnamaldehyde,8.075925827026367,CCCCC\C(C=O)=C\C1=CC=CC=C1,diffdock_results/alpha-Amyl cinnamaldehyde/rank1.sdf
4-(Isopropylamino)diphenylamine,8.074967384338379,CC(C)NC1=CC=C(NC2=CC=CC=C2)C=C1,diffdock_results/4-(Isopropylamino)diphenylamine/rank1.sdf
Vigabatrin,8.074674606323242,NC(CCC(O)=O)C=C,diffdock_results/Vigabatrin/rank1.sdf
Medronic acid,8.0665922164917,OP(O)(=O)CP(O)(O)=O,diffdock_results/Medronic acid/rank1.sdf
Ethyl ferulate,8.065448760986328,[H]\C(=C(\[H])C1=CC(OC)=C(O)C=C1)C(=O)OCC,diffdock_results/Ethyl ferulate/rank1.sdf
Geraniol,8.06511116027832,CC(C)=CCC\C(C)=C\CO,diffdock_results/Geraniol/rank1.sdf
Phenol,8.06425666809082,OC1=CC=CC=C1,diffdock_results/Phenol/rank1.sdf
Glycol salicylate,8.062156677246094,OCCOC(=O)C1=CC=CC=C1O,diffdock_results/Glycol salicylate/rank1.sdf
Oxycodone,8.060308456420898,COC1=C2O[C@H]3C(=O)CC[C@@]4(O)[C@H]5CC(C=C1)=C2[C@@]34CCN5C,diffdock_results/Oxycodone/rank1.sdf
Cetyl alcohol,8.058609008789062,CCCCCCCCCCCCCCCCO,diffdock_results/Cetyl alcohol/rank1.sdf
Isopropyl myristate,8.057909965515137,CCCCCCCCCCCCCC(=O)OC(C)C,diffdock_results/Isopropyl myristate/rank1.sdf
Icosapent ethyl,8.05521011352539,CCOC(=O)CCC\C=C/C\C=C/C\C=C/C\C=C/C\C=C/CC,diffdock_results/Icosapent ethyl/rank1.sdf
Methionine,8.051841735839844,CSCC[C@H](N)C(O)=O,diffdock_results/Methionine/rank1.sdf
Trimethoprim,8.043577194213867,COC1=CC(CC2=CN=C(N)N=C2N)=CC(OC)=C1OC,diffdock_results/Trimethoprim/rank1.sdf
Mebendazole,8.040746688842773,COC(=O)NC1=NC2=C(N1)C=C(C=C2)C(=O)C1=CC=CC=C1,diffdock_results/Mebendazole/rank1.sdf
Ethyl salicylate,8.04045295715332,CCOC(=O)C1=CC=CC=C1O,diffdock_results/Ethyl salicylate/rank1.sdf
Levomenol,8.034467697143555,[H][C@@]1(CCC(C)=CC1)[C@@](C)(O)CCC=C(C)C,diffdock_results/Levomenol/rank1.sdf
Oxitriptan,8.029251098632812,N[C@@H](CC1=CNC2=C1C=C(O)C=C2)C(O)=O,diffdock_results/Oxitriptan/rank1.sdf
Bismuth subgallate,8.0238676071167,O[Bi]1OC2=CC(=CC(O)=C2O1)C(O)=O,diffdock_results/Bismuth subgallate/rank1.sdf
Tacrine,8.020981788635254,NC1=C2CCCCC2=NC2=CC=CC=C12,diffdock_results/Tacrine/rank1.sdf
Carprofen,8.017840385437012,CC(C(O)=O)C1=CC2=C(C=C1)C1=C(N2)C=CC(Cl)=C1,diffdock_results/Carprofen/rank1.sdf
Didecyldimethylammonium,8.01209831237793,CCCCCCCCCC[N+](C)(C)CCCCCCCCCC,diffdock_results/Didecyldimethylammonium/rank1.sdf
L-Glutamine,8.009998321533203,N[C@@H](CCC(N)=O)C(O)=O,diffdock_results/L-Glutamine/rank1.sdf
Dronabinol,8.00676155090332,[H][C@@]12C=C(C)CC[C@@]1([H])C(C)(C)OC1=C2C(O)=CC(CCCCC)=C1,diffdock_results/Dronabinol/rank1.sdf
Ethosuximide,8.00349235534668,CCC1(C)CC(=O)NC1=O,diffdock_results/Ethosuximide/rank1.sdf
Ibuprofen,8.000992774963379,CC(C)CC1=CC=C(C=C1)C(C)C(O)=O,diffdock_results/Ibuprofen/rank1.sdf
Levomenthol,7.994409561157227,CC(C)[C@@H]1CC[C@@H](C)C[C@H]1O,diffdock_results/Levomenthol/rank1.sdf
Solriamfetol,7.990851879119873,N[C@@H](COC(N)=O)CC1=CC=CC=C1,diffdock_results/Solriamfetol/rank1.sdf
Mandelic acid,7.988553047180176,OC(C(O)=O)C1=CC=CC=C1,diffdock_results/Mandelic acid/rank1.sdf
Acetarsol,7.984421730041504,CC(=O)NC1=CC(=CC=C1O)[As](O)(O)=O,diffdock_results/Acetarsol/rank1.sdf
Phenyl salicylate,7.981283187866211,OC1=CC=CC=C1C(=O)OC1=CC=CC=C1,diffdock_results/Phenyl salicylate/rank1.sdf
Almasilate,7.974254608154297,O.[Mg++].[Al+3].[Al+3].[O-][Si]([O-])([O-])[O-].[O-][Si]([O-])([O-])[O-],diffdock_results/Almasilate/rank1.sdf
Pyrimethamine,7.971809387207031,CCC1=C(C(N)=NC(N)=N1)C1=CC=C(Cl)C=C1,diffdock_results/Pyrimethamine/rank1.sdf
Kava,7.97035026550293,COC1=CC(=O)OC(C1)\C=C\C1=CCCC=C1,diffdock_results/Kava/rank1.sdf
Nabumetone,7.969830513000488,COC1=CC2=C(C=C1)C=C(CCC(C)=O)C=C2,diffdock_results/Nabumetone/rank1.sdf
Carglumic acid,7.964673042297363,NC(=O)N[C@@H](CCC(O)=O)C(O)=O,diffdock_results/Carglumic acid/rank1.sdf
Iofetamine I-123,7.9643144607543945,CC(C)NC(C)CC1=CC=C([123I])C=C1,diffdock_results/Iofetamine I-123/rank1.sdf
Diamorphine,7.953379154205322,[H][C@@]12C=C[C@H](OC(C)=O)[C@@H]3OC4=C(OC(C)=O)C=CC5=C4[C@]13CCN(C)[C@@H]2C5,diffdock_results/Diamorphine/rank1.sdf
Oxidronic acid,7.949252128601074,OC(P(O)(O)=O)P(O)(O)=O,diffdock_results/Oxidronic acid/rank1.sdf
Methyl salicylate,7.947516441345215,COC(=O)C1=CC=CC=C1O,diffdock_results/Methyl salicylate/rank1.sdf
P-nitrobiphenyl,7.94431209564209,O=N(=O)C1=CC=C(C=C1)C1=CC=CC=C1,diffdock_results/P-nitrobiphenyl/rank1.sdf
Vanillyl butyl ether,7.93608283996582,CCCCOCC1=CC(OC)=C(O)C=C1,diffdock_results/Vanillyl butyl ether/rank1.sdf
Iopodic acid,7.929328918457031,CN(C)C=NC1=C(I)C=C(I)C(CCC(O)=O)=C1I,diffdock_results/Iopodic acid/rank1.sdf
Butobarbital,7.928563117980957,CCCCC1(CC)C(=O)NC(=O)NC1=O,diffdock_results/Butobarbital/rank1.sdf
Ketoprofen,7.927430629730225,CC(C(O)=O)C1=CC(=CC=C1)C(=O)C1=CC=CC=C1,diffdock_results/Ketoprofen/rank1.sdf
Hydroxycitronellal,7.926668643951416,[H]C(=O)CC(C)CCCC(C)(C)O,diffdock_results/Hydroxycitronellal/rank1.sdf
Butamben,7.926494121551514,CCCCOC(=O)C1=CC=C(N)C=C1,diffdock_results/Butamben/rank1.sdf
Paramethadione,7.924729347229004,CCC1(C)OC(=O)N(C)C1=O,diffdock_results/Paramethadione/rank1.sdf
Butylparaben,7.924123287200928,CCCCOC(=O)C1=CC=C(O)C=C1,diffdock_results/Butylparaben/rank1.sdf
Benzylparaben,7.922752380371094,OC1=CC=C(C=C1)C(=O)OCC1=CC=CC=C1,diffdock_results/Benzylparaben/rank1.sdf
Tyrosine,7.916873931884766,N[C@@H](CC1=CC=C(O)C=C1)C(O)=O,diffdock_results/Tyrosine/rank1.sdf
Dimethyl fumarate,7.914668083190918,[H]\C(=C(\[H])C(=O)OC)C(=O)OC,diffdock_results/Dimethyl fumarate/rank1.sdf
Prazepam,7.913236141204834,ClC1=CC2=C(C=C1)N(CC1CC1)C(=O)CN=C2C1=CC=CC=C1,diffdock_results/Prazepam/rank1.sdf
Sodium lauryl sulfoacetate,7.907932281494141,[Na+].CCCCCCCCCCCCOC(=O)CS([O-])(=O)=O,diffdock_results/Sodium lauryl sulfoacetate/rank1.sdf
Aluminum acetate,7.907841205596924,[Al+3].CC([O-])=O.CC([O-])=O.CC([O-])=O,diffdock_results/Aluminum acetate/rank1.sdf
Flavone,7.904101371765137,O=C1C=C(OC2=CC=CC=C12)C1=CC=CC=C1,diffdock_results/Flavone/rank1.sdf
Phenytoin,7.901513576507568,O=C1NC(=O)C(N1)(C1=CC=CC=C1)C1=CC=CC=C1,diffdock_results/Phenytoin/rank1.sdf
Ethyl hydroxybenzoate,7.899453163146973,CCOC(=O)C1=CC=C(O)C=C1,diffdock_results/Ethyl hydroxybenzoate/rank1.sdf
Naproxen,7.892331123352051,COC1=CC2=C(C=C1)C=C(C=C2)[C@H](C)C(O)=O,diffdock_results/Naproxen/rank1.sdf
D-Methionine,7.884156703948975,CSCC[C@@H](N)C(O)=O,diffdock_results/D-Methionine/rank1.sdf
Propofol,7.875722885131836,CC(C)C1=CC=CC(C(C)C)=C1O,diffdock_results/Propofol/rank1.sdf
Tryptophan,7.874497413635254,N[C@@H](CC1=CNC2=C1C=CC=C2)C(O)=O,diffdock_results/Tryptophan/rank1.sdf
Levodopa,7.870514392852783,N[C@@H](CC1=CC(O)=C(O)C=C1)C(O)=O,diffdock_results/Levodopa/rank1.sdf
Phenylacetic acid,7.867522239685059,OC(=O)CC1=CC=CC=C1,diffdock_results/Phenylacetic acid/rank1.sdf
Hexylresorcinol,7.858686447143555,CCCCCCC1=C(O)C=C(O)C=C1,diffdock_results/Hexylresorcinol/rank1.sdf
Tolfenamic acid,7.855493068695068,CC1=C(Cl)C=CC=C1NC1=CC=CC=C1C(O)=O,diffdock_results/Tolfenamic acid/rank1.sdf
Hexachlorophene,7.855326175689697,OC1=C(CC2=C(O)C(Cl)=CC(Cl)=C2Cl)C(Cl)=C(Cl)C=C1Cl,diffdock_results/Hexachlorophene/rank1.sdf
Phenylbutazone,7.849566459655762,CCCCC1C(=O)N(N(C1=O)C1=CC=CC=C1)C1=CC=CC=C1,diffdock_results/Phenylbutazone/rank1.sdf
Amylmetacresol,7.848819255828857,CCCCCC1=CC=C(C)C=C1O,diffdock_results/Amylmetacresol/rank1.sdf
Aluminum subacetate,7.8466596603393555,CC(=O)O[Al](O)OC(C)=O,diffdock_results/Aluminum subacetate/rank1.sdf
Stearic acid,7.8389997482299805,CCCCCCCCCCCCCCCCCC(O)=O,diffdock_results/Stearic acid/rank1.sdf
Etidronic acid,7.838539123535156,CC(O)(P(O)(O)=O)P(O)(O)=O,diffdock_results/Etidronic acid/rank1.sdf
Valdecoxib,7.837657928466797,CC1=C(C(=NO1)C1=CC=CC=C1)C1=CC=C(C=C1)S(N)(=O)=O,diffdock_results/Valdecoxib/rank1.sdf
Triamterene,7.833927154541016,NC1=NC(N)=C2N=C(C(N)=NC2=N1)C1=CC=CC=C1,diffdock_results/Triamterene/rank1.sdf
Aspartic acid,7.833786487579346,N[C@@H](CC(O)=O)C(O)=O,diffdock_results/Aspartic acid/rank1.sdf
Ferrous succinate,7.829442977905273,[Fe++].[O-]C(=O)CCC([O-])=O,diffdock_results/Ferrous succinate/rank1.sdf
Clonazepam,7.825538158416748,[O-][N+](=O)C1=CC2=C(NC(=O)CN=C2C2=CC=CC=C2Cl)C=C1,diffdock_results/Clonazepam/rank1.sdf
Oleic Acid,7.825416564941406,CCCCCCCC\C=C\CCCCCCCC(O)=O,diffdock_results/Oleic Acid/rank1.sdf
Etodolac,7.823012828826904,CCC1=C2NC3=C(CCOC3(CC)CC(O)=O)C2=CC=C1,diffdock_results/Etodolac/rank1.sdf
Glutamic acid,7.819119930267334,N[C@@H](CCC(O)=O)C(O)=O,diffdock_results/Glutamic acid/rank1.sdf
Fluorodopa (18F),7.8185296058654785,N[C@@H](CC1=CC(O)=C(O)C=C1[18F])C(O)=O,diffdock_results/Fluorodopa (18F)/rank1.sdf
Anthralin,7.815255165100098,OC1=CC=CC2=C1C(=O)C1=C(O)C=CC=C1C2,diffdock_results/Anthralin/rank1.sdf
Undecylenic acid,7.8145670890808105,OC(=O)CCCCCCCCC=C,diffdock_results/Undecylenic acid/rank1.sdf
Pyrophosphoric acid,7.814032554626465,OP(O)(=O)OP(O)(O)=O,diffdock_results/Pyrophosphoric acid/rank1.sdf
Icosapent,7.810697078704834,CC\C=C/C\C=C/C\C=C/C\C=C/C\C=C/CCCC(O)=O,diffdock_results/Icosapent/rank1.sdf
Menadione,7.799652099609375,CC1=CC(=O)C2=CC=CC=C2C1=O,diffdock_results/Menadione/rank1.sdf
alpha-Linolenic acid,7.791160583496094,CC\C=C/C\C=C/C\C=C/CCCCCCCC(O)=O,diffdock_results/alpha-Linolenic acid/rank1.sdf
Kaolin,7.787444591522217,O.O.[Al+3].[Al+3].[O-][Si]([O-])([O-])O[Si]([O-])([O-])[O-],diffdock_results/Kaolin/rank1.sdf
Ferrous fumarate,7.787199974060059,[Fe++].[H]\C(=C(\[H])C([O-])=O)C([O-])=O,diffdock_results/Ferrous fumarate/rank1.sdf
Alclofenac,7.780794143676758,OC(=O)CC1=CC(Cl)=C(OCC=C)C=C1,diffdock_results/Alclofenac/rank1.sdf
Lanthanum carbonate,7.7756853103637695,[La+3].[La+3].[O-]C([O-])=O.[O-]C([O-])=O.[O-]C([O-])=O,diffdock_results/Lanthanum carbonate/rank1.sdf
Salicylic acid,7.775527000427246,OC(=O)C1=CC=CC=C1O,diffdock_results/Salicylic acid/rank1.sdf
Cianidanol,7.770723342895508,O[C@H]1CC2=C(O)C=C(O)C=C2O[C@@H]1C1=CC=C(O)C(O)=C1,diffdock_results/Cianidanol/rank1.sdf
Pyridoxal phosphate,7.76435661315918,CC1=NC=C(COP(O)(O)=O)C(C=O)=C1O,diffdock_results/Pyridoxal phosphate/rank1.sdf
Propylparaben,7.75711727142334,CCCOC(=O)C1=CC=C(O)C=C1,diffdock_results/Propylparaben/rank1.sdf
Diatrizoate,7.752084732055664,CC(=O)NC1=C(I)C(C(O)=O)=C(I)C(NC(C)=O)=C1I,diffdock_results/Diatrizoate/rank1.sdf
Calcium levulinate,7.748319625854492,[Ca++].CC(=O)CCC([O-])=O.CC(=O)CCC([O-])=O,diffdock_results/Calcium levulinate/rank1.sdf
Meclofenamic acid,7.735652923583984,CC1=C(Cl)C(NC2=CC=CC=C2C(O)=O)=C(Cl)C=C1,diffdock_results/Meclofenamic acid/rank1.sdf
Succinic acid,7.732339859008789,OC(=O)CCC(O)=O,diffdock_results/Succinic acid/rank1.sdf
Lauric acid,7.725032329559326,CCCCCCCCCCCC(O)=O,diffdock_results/Lauric acid/rank1.sdf
Mebrofenin,7.721872329711914,CC1=CC(C)=C(Br)C(C)=C1NC(=O)CN(CC(O)=O)CC(O)=O,diffdock_results/Mebrofenin/rank1.sdf
Linoleic acid,7.721040725708008,CCCCC\C=C/C\C=C/CCCCCCCC(O)=O,diffdock_results/Linoleic acid/rank1.sdf
Edetate disodium anhydrous,7.705696105957031,[Na+].[Na+].OC(=O)CN(CCN(CC(O)=O)CC([O-])=O)CC([O-])=O,diffdock_results/Edetate disodium anhydrous/rank1.sdf
Phenylbutyric acid,7.690944671630859,OC(=O)CCCC1=CC=CC=C1,diffdock_results/Phenylbutyric acid/rank1.sdf
Trioxsalen,7.68662166595459,CC1=CC2=CC3=C(OC(=O)C=C3C)C(C)=C2O1,diffdock_results/Trioxsalen/rank1.sdf
Monomethyl fumarate,7.673492431640625,COC(=O)\C=C\C(O)=O,diffdock_results/Monomethyl fumarate/rank1.sdf
Dantron,7.669378280639648,OC1=CC=CC2=C1C(=O)C1=C(C=CC=C1O)C2=O,diffdock_results/Dantron/rank1.sdf
Benzyl benzoate,7.662574768066406,O=C(OCC1=CC=CC=C1)C1=CC=CC=C1,diffdock_results/Benzyl benzoate/rank1.sdf
Clorazepic acid,7.637176990509033,OC(=O)C1N=C(C2=CC=CC=C2)C2=C(NC1=O)C=CC(Cl)=C2,diffdock_results/Clorazepic acid/rank1.sdf
Magnesium trisilicate,7.63295841217041,[Mg++].[Mg++].[O-][Si](=O)O[Si]([O-])([O-])O[Si]([O-])=O,diffdock_results/Magnesium trisilicate/rank1.sdf
Fospropofol,7.614418983459473,CC(C)C1=CC=CC(C(C)C)=C1OCOP(O)(O)=O,diffdock_results/Fospropofol/rank1.sdf
Diclofenac,7.609172821044922,OC(=O)CC1=CC=CC=C1NC1=C(Cl)C=CC=C1Cl,diffdock_results/Diclofenac/rank1.sdf
Amlexanox,7.599836349487305,CC(C)C1=CC2=C(OC3=NC(N)=C(C=C3C2=O)C(O)=O)C=C1,diffdock_results/Amlexanox/rank1.sdf
Valproic acid,7.580628395080566,CCCC(CCC)C(O)=O,diffdock_results/Valproic acid/rank1.sdf
Boscalid,7.579836368560791,ClC1=CC=C(C=C1)C1=C(NC(=O)C2=C(Cl)N=CC=C2)C=CC=C1,diffdock_results/Boscalid/rank1.sdf
Iopanoic acid,7.5401763916015625,CCC(CC1=C(I)C(N)=C(I)C=C1I)C(O)=O,diffdock_results/Iopanoic acid/rank1.sdf
Acetylsalicylic acid,7.529502868652344,CC(=O)OC1=CC=CC=C1C(O)=O,diffdock_results/Acetylsalicylic acid/rank1.sdf
Edetic acid,7.525920867919922,OC(=O)CN(CCN(CC(O)=O)CC(O)=O)CC(O)=O,diffdock_results/Edetic acid/rank1.sdf
Sodium borate,7.435416221618652,[Na+].[Na+].[O-]B1OB2OB([O-])OB(O1)O2,diffdock_results/Sodium borate/rank1.sdf
Sodium zirconium cyclosilicate,7.412095069885254,[Na+].[Na+].[Zr].[O-][Si]1([O-])O[Si]([O-])([O-])O[Si]([O-])([O-])O1,diffdock_results/Sodium zirconium cyclosilicate/rank1.sdf
Azelaic acid,7.411649227142334,OC(=O)CCCCCCCC(O)=O,diffdock_results/Azelaic acid/rank1.sdf
Dexibuprofen,7.406633377075195,CC(C)CC1=CC=C(C=C1)[C@H](C)C(O)=O,diffdock_results/Dexibuprofen/rank1.sdf
Rofecoxib,7.385872840881348,CS(=O)(=O)C1=CC=C(C=C1)C1=C(C(=O)OC1)C1=CC=CC=C1,diffdock_results/Rofecoxib/rank1.sdf
Dichromate,7.379369258880615,[O-][Cr](=O)(=O)O[Cr]([O-])(=O)=O,diffdock_results/Dichromate/rank1.sdf
Bismuth subsalicylate,7.309350490570068,O[Bi]1OC(=O)C2=CC=CC=C2O1,diffdock_results/Bismuth subsalicylate/rank1.sdf
Menadiol diphosphate,7.201780319213867,CC1=C(OP(O)(O)=O)C2=CC=CC=C2C(OP(O)(O)=O)=C1,diffdock_results/Menadiol diphosphate/rank1.sdf
